Date,Balance,Price,% Change_in_Balance,Balance_Diff,Value_Dollars,Change_in_Value
04/07,0.05345,11.235,,,0.4276,
04/07,0.05345,11.095,,0.0,0.4276,0.0
04/07,0.05345,11.085999999999999,,0.0,0.4276,0.0
04/07,0.05345,10.9925,,0.0,0.4276,0.0
04/07,0.05765,11.0,,0.004200000000000002,0.4612,0.046200000000000026
04/07,0.057649999999999986,10.96875,,-1.3877787807814457e-17,0.4611999999999999,-1.5222198501696482e-16
04/07,0.05765,10.8925,,1.3877787807814457e-17,0.4612,1.5116380369661897e-16
04/07,0.057649999999999986,10.942857142857141,,-1.3877787807814457e-17,0.4611999999999999,-1.5186264943979818e-16
05/07,0.05765,10.920000000000002,,1.3877787807814457e-17,0.4612,1.515454428613339e-16
05/07,0.05765,11.03,,0.0,0.4612,0.0
05/07,0.05765,10.94,,0.0,0.4612,0.0
05/07,0.05765,10.9,,0.0,0.4612,0.0
05/07,0.05765,10.86,7.857811038353613,0.0,0.4612,0.0
05/07,0.05765,11.04,7.857811038353613,0.0,0.4612,0.0
05/07,0.05765,10.99,7.857811038353613,0.0,0.4612,0.0
05/07,0.05765,10.89,7.857811038353613,0.0,0.4612,0.0
05/07,0.05765,10.8925,0.0,0.0,0.4612,0.0
05/07,0.05765,10.895,2.220446049250313e-14,0.0,0.4612,0.0
05/07,0.05765,10.8975,0.0,0.0,0.4612,0.0
05/07,0.05765,10.9,2.220446049250313e-14,0.0,0.4612,0.0
05/07,0.05765,10.89,0.0,0.0,0.4612,0.0
05/07,0.05765,10.88,0.0,0.0,0.4612,0.0
05/07,0.05765,10.816666666666665,0.0,0.0,0.4612,0.0
05/07,0.05765,10.753333333333332,0.0,0.0,0.4612,0.0
05/07,0.05765,10.689999999999998,0.0,0.0,0.4612,0.0
05/07,0.05765,10.69,0.0,0.0,0.4612,0.0
05/07,0.05765,10.71,0.0,0.0,0.4612,0.0
05/07,0.05765,10.715,0.0,0.0,0.4612,0.0
05/07,0.05765,10.75,0.0,0.0,0.4612,0.0
05/07,0.05765,10.81,0.0,0.0,0.4612,0.0
05/07,0.05765,10.75,0.0,0.0,0.4612,0.0
05/07,0.05765,10.6,0.0,0.0,0.4612,0.0
05/07,0.05765,10.61,0.0,0.0,0.4612,0.0
05/07,0.05765,10.623333333333333,0.0,0.0,0.4612,0.0
05/07,0.05765,10.636666666666667,0.0,0.0,0.4612,0.0
05/07,0.05765,10.65,0.0,0.0,0.4612,0.0
05/07,0.05765,10.663333333333334,0.0,0.0,0.4612,0.0
05/07,0.05765,10.676666666666666,0.0,0.0,0.4612,0.0
05/07,0.05765,10.69,0.0,0.0,0.4612,0.0
05/07,0.05765,10.703333333333333,0.0,0.0,0.4612,0.0
05/07,0.05765,10.716666666666667,0.0,0.0,0.4612,0.0
05/07,0.05765,10.73,0.0,0.0,0.4612,0.0
05/07,0.05765,10.705,0.0,0.0,0.4612,0.0
05/07,0.05765,10.68,0.0,0.0,0.4612,0.0
05/07,0.059289999999999995,10.670000000000002,2.844752818733731,0.0016399999999999956,0.47431999999999996,0.017498799999999957
05/07,0.06257,10.673333333333334,8.534258456201215,0.003280000000000005,0.50056,0.03500853333333339
05/07,0.06257,10.72,8.534258456201215,0.0,0.50056,0.0
05/07,0.06257,10.746666666666668,8.534258456201215,0.0,0.50056,0.0
05/07,0.06557714285714286,10.722857142857142,13.75046462644034,0.003007142857142861,0.5246171428571429,0.03224516326530616
05/07,0.06677999999999999,5.329999999999999,15.83694709453598,0.0012028571428571305,0.5342399999999999,0.006411228571428505
05/07,0.06677999999999999,10.717142857142859,15.83694709453598,0.0,0.5342399999999999,0.0
05/07,0.06677999999999999,10.745714285714287,15.83694709453598,0.0,0.5342399999999999,0.0
05/07,0.06677999999999999,10.75,15.83694709453598,0.0,0.5342399999999999,0.0
05/07,0.06677999999999999,10.75,15.83694709453598,0.0,0.5342399999999999,0.0
05/07,0.06677999999999999,10.75,15.83694709453598,0.0,0.5342399999999999,0.0
05/07,0.06677999999999999,10.666666666666666,15.83694709453598,0.0,0.5342399999999999,0.0
06/07,0.06677999999999999,10.78,12.632821723730814,0.0,0.5342399999999999,0.0
06/07,0.06677999999999999,10.745,6.728464120185373,0.0,0.5342399999999999,0.0
06/07,0.06677999999999999,10.71,6.728464120185373,0.0,0.5342399999999999,0.0
06/07,0.06677999999999999,10.73,6.728464120185373,0.0,0.5342399999999999,0.0
06/07,0.06677999999999999,10.69,1.834262809341225,0.0,0.5342399999999999,0.0
06/07,0.06702999999999999,10.713333333333333,0.3743635819107416,0.0002500000000000002,0.5362399999999999,0.0026783333333333355
06/07,0.06727999999999999,10.736666666666666,0.7487271638215054,0.0002500000000000002,0.5382399999999999,0.002684166666666669
06/07,0.06752999999999999,10.76,1.123090745732247,0.0002500000000000002,0.5402399999999999,0.0026900000000000023
06/07,0.06752999999999999,11.0,1.123090745732247,0.0,0.5402399999999999,0.0
06/07,0.06752999999999999,11.01,1.123090745732247,0.0,0.5402399999999999,0.0
06/07,0.06752999999999999,11.02,1.123090745732247,0.0,0.5402399999999999,0.0
06/07,0.06752999999999999,11.03,1.123090745732247,0.0,0.5402399999999999,0.0
06/07,0.06752999999999999,11.02,1.123090745732247,0.0,0.5402399999999999,0.0
06/07,0.06752999999999999,11.02,1.123090745732247,0.0,0.5402399999999999,0.0
06/07,0.06752999999999999,11.16,1.123090745732247,0.0,0.5402399999999999,0.0
06/07,0.06752999999999999,11.2,1.123090745732247,0.0,0.5402399999999999,0.0
06/07,0.06752999999999999,11.29,1.123090745732247,0.0,0.5402399999999999,0.0
06/07,0.06752999999999999,11.235,0.7459346561241142,0.0,0.5402399999999999,0.0
06/07,0.06752999999999999,11.22,0.3715814506539905,0.0,0.5402399999999999,0.0
06/07,0.06752999999999999,11.181111111111116,0.0,0.0,0.5402399999999999,0.0
06/07,0.06752999999999999,11.142222222222225,0.0,0.0,0.5402399999999999,0.0
06/07,0.06752999999999999,11.103333333333332,0.0,0.0,0.5402399999999999,0.0
06/07,0.06752999999999999,11.026666666666666,0.0,0.0,0.5402399999999999,0.0
06/07,0.06752999999999999,10.96,0.0,0.0,0.5402399999999999,0.0
06/07,0.06752999999999999,11.15,0.0,0.0,0.5402399999999999,0.0
06/07,0.07086,11.11,4.931141714793452,0.0033300000000000135,0.56688,0.03699630000000015
06/07,0.07086,11.13,4.931141714793452,0.0,0.56688,0.0
06/07,0.07086,10.94,4.931141714793452,0.0,0.56688,0.0
06/07,0.07086,11.19,4.931141714793452,0.0,0.56688,0.0
06/07,0.07086,11.26,4.931141714793452,0.0,0.56688,0.0
06/07,0.07486,11.21,10.85443506589665,0.00399999999999999,0.59888,0.04483999999999989
06/07,0.07486,11.28,10.85443506589665,0.0,0.59888,0.0
06/07,0.07486,11.23,10.85443506589665,0.0,0.59888,0.0
06/07,0.07486,11.2,10.85443506589665,0.0,0.59888,0.0
06/07,0.07486,11.20142857142857,10.85443506589665,0.0,0.59888,0.0
06/07,0.07486,11.214,10.85443506589665,0.0,0.59888,0.0
06/07,0.07486000000000001,11.265833333333333,10.854435065896674,1.3877787807814457e-17,0.5988800000000001,1.5634484447820303e-16
06/07,0.07486,11.255,5.64493367202934,-1.3877787807814457e-17,0.59888,-1.5619450177695172e-16
06/07,0.07486,11.184,5.64493367202934,0.0,0.59888,0.0
06/07,0.07486,11.18,5.64493367202934,0.0,0.59888,0.0
06/07,0.07486000000000001,11.190999999999999,5.644933672029362,1.3877787807814457e-17,0.5988800000000001,1.5530632335725157e-16
06/07,0.07486,11.13,5.64493367202934,-1.3877787807814457e-17,0.59888,-1.5445977830097491e-16
06/07,0.07486,11.085,0.0,0.0,0.59888,0.0
06/07,0.07486,11.041249999999998,0.0,0.0,0.59888,0.0
06/07,0.07486,11.075,0.0,0.0,0.59888,0.0
06/07,0.07486,11.06,0.0,0.0,0.59888,0.0
06/07,0.07486,11.086,0.0,0.0,0.59888,0.0
06/07,0.07486,11.112,0.0,0.0,0.59888,0.0
07/07,0.07486,11.138,-2.220446049250313e-14,0.0,0.59888,0.0
07/07,0.07486,11.164,0.0,0.0,0.59888,0.0
07/07,0.07486,11.19,0.0,0.0,0.59888,0.0
07/07,0.07486,11.1875,0.0,0.0,0.59888,0.0
07/07,0.07486,11.185,-2.220446049250313e-14,0.0,0.59888,0.0
07/07,0.07486,11.2185,0.0,0.0,0.59888,0.0
07/07,0.07486,11.252,0.0,0.0,0.59888,0.0
07/07,0.07486,11.2855,0.0,0.0,0.59888,0.0
07/07,0.07486,11.319,0.0,0.0,0.59888,0.0
07/07,0.07486,11.3525,0.0,0.0,0.59888,0.0
07/07,0.07486,11.386,0.0,0.0,0.59888,0.0
07/07,0.07486,11.4195,0.0,0.0,0.59888,0.0
07/07,0.07486,11.453,0.0,0.0,0.59888,0.0
07/07,0.07486,11.4865,0.0,0.0,0.59888,0.0
07/07,0.07486,11.52,0.0,0.0,0.59888,0.0
07/07,0.07486,11.456666666666665,0.0,0.0,0.59888,0.0
07/07,0.07486,11.45,0.0,0.0,0.59888,0.0
07/07,0.07486,11.48,0.0,0.0,0.59888,0.0
07/07,0.07486,11.51,0.0,0.0,0.59888,0.0
07/07,0.07486,11.49,0.0,0.0,0.59888,0.0
07/07,0.08482,11.52,13.30483569329417,0.00996000000000001,0.67856,0.11473920000000011
07/07,0.08482,11.42,13.30483569329417,0.0,0.67856,0.0
07/07,0.08482,11.453333333333333,13.30483569329417,0.0,0.67856,0.0
07/07,0.08482,11.5475,13.30483569329417,0.0,0.67856,0.0
07/07,0.08482,11.5335,13.30483569329417,0.0,0.67856,0.0
07/07,0.08482,11.53,13.30483569329417,0.0,0.67856,0.0
07/07,0.08482,11.64,13.30483569329417,0.0,0.67856,0.0
07/07,0.08482,11.67,13.30483569329417,0.0,0.67856,0.0
07/07,0.08482,11.7,13.30483569329417,0.0,0.67856,0.0
07/07,0.08482,11.73921875,13.30483569329417,0.0,0.67856,0.0
07/07,0.08482,12.05125,13.30483569329417,0.0,0.67856,0.0
07/07,0.08482,11.890625,13.30483569329417,0.0,0.67856,0.0
07/07,0.08482,11.765,0.0,0.0,0.67856,0.0
07/07,0.08482,11.811111111111117,0.0,0.0,0.67856,0.0
07/07,0.08482,11.857222222222227,0.0,0.0,0.67856,0.0
07/07,0.08482,11.903333333333334,0.0,0.0,0.67856,0.0
07/07,0.08482,12.001666666666667,0.0,0.0,0.67856,0.0
07/07,0.08482,12.1,0.0,0.0,0.67856,0.0
07/07,0.08482,12.1,0.0,0.0,0.67856,0.0
07/07,0.08482,12.19,0.0,0.0,0.67856,0.0
07/07,0.08482,12.3175,0.0,0.0,0.67856,0.0
07/07,0.08482,12.4475,0.0,0.0,0.67856,0.0
07/07,0.08482,12.44,0.0,0.0,0.67856,0.0
07/07,0.08482,12.55,0.0,0.0,0.67856,0.0
07/07,0.08482,12.35,0.0,0.0,0.67856,0.0
07/07,0.08482,12.24,0.0,0.0,0.67856,0.0
07/07,0.08482,12.158947368421053,0.0,0.0,0.67856,0.0
07/07,0.08482,12.077894736842106,0.0,0.0,0.67856,0.0
08/07,0.08482,11.996842105263154,0.0,0.0,0.67856,0.0
08/07,0.08482,11.91578947368421,0.0,0.0,0.67856,0.0
08/07,0.08482,11.834736842105265,0.0,0.0,0.67856,0.0
08/07,0.08482,11.753684210526314,0.0,0.0,0.67856,0.0
08/07,0.08482,11.672631578947367,0.0,0.0,0.67856,0.0
08/07,0.08482,11.591578947368419,0.0,0.0,0.67856,0.0
08/07,0.08482,11.510526315789473,0.0,0.0,0.67856,0.0
08/07,0.08482,11.429473684210524,0.0,0.0,0.67856,0.0
08/07,0.08482,11.348421052631581,0.0,0.0,0.67856,0.0
08/07,0.08482,11.26736842105263,0.0,0.0,0.67856,0.0
08/07,0.08482,11.186315789473683,0.0,0.0,0.67856,0.0
08/07,0.08482,11.105263157894735,0.0,0.0,0.67856,0.0
08/07,0.08482,11.02421052631579,0.0,0.0,0.67856,0.0
08/07,0.08482,10.94315789473684,0.0,0.0,0.67856,0.0
08/07,0.08482,10.862105263157892,0.0,0.0,0.67856,0.0
08/07,0.08482,10.781052631578946,0.0,0.0,0.67856,0.0
08/07,0.08482,10.73,0.0,0.0,0.67856,0.0
08/07,0.08482,10.795,0.0,0.0,0.67856,0.0
08/07,0.08482,10.875,0.0,0.0,0.67856,0.0
08/07,0.08482,10.896666666666668,0.0,0.0,0.67856,0.0
08/07,0.08482,10.918333333333333,0.0,0.0,0.67856,0.0
08/07,0.08482,10.893333333333333,0.0,0.0,0.67856,0.0
08/07,0.08482,10.77,0.0,0.0,0.67856,0.0
08/07,0.08482,10.765,0.0,0.0,0.67856,0.0
08/07,0.08482,10.76,0.0,0.0,0.67856,0.0
08/07,0.08482,10.75,0.0,0.0,0.67856,0.0
08/07,0.08482,10.74,0.0,0.0,0.67856,0.0
08/07,0.08482,10.75,0.0,0.0,0.67856,0.0
08/07,0.08482,10.72,0.0,0.0,0.67856,0.0
08/07,0.08482,10.75,0.0,0.0,0.67856,0.0
08/07,0.08482,10.775,0.0,0.0,0.67856,0.0
08/07,0.08482,10.8,0.0,0.0,0.67856,0.0
08/07,0.08482,10.98,0.0,0.0,0.67856,0.0
08/07,0.08482,11.2,0.0,0.0,0.67856,0.0
08/07,0.08482,11.37,0.0,0.0,0.67856,0.0
08/07,0.08482,11.22,0.0,0.0,0.67856,0.0
08/07,0.08482,11.196666666666667,0.0,0.0,0.67856,0.0
08/07,0.08482,11.186666666666666,0.0,0.0,0.67856,0.0
08/07,0.08482,11.17,0.0,0.0,0.67856,0.0
08/07,0.08482,11.21,0.0,0.0,0.67856,0.0
08/07,0.08482,11.12,0.0,0.0,0.67856,0.0
08/07,0.08482,11.14,0.0,0.0,0.67856,0.0
08/07,0.08482,11.06,0.0,0.0,0.67856,0.0
08/07,0.08482,11.07,0.0,0.0,0.67856,0.0
08/07,0.08482,11.059000000000001,0.0,0.0,0.67856,0.0
08/07,0.08482,11.048,0.0,0.0,0.67856,0.0
08/07,0.08482,11.037,0.0,0.0,0.67856,0.0
08/07,0.08482,11.026,0.0,0.0,0.67856,0.0
09/07,0.08482,11.015,0.0,0.0,0.67856,0.0
09/07,0.08482,11.004,0.0,0.0,0.67856,0.0
09/07,0.08482,10.993,0.0,0.0,0.67856,0.0
09/07,0.08482,10.982,0.0,0.0,0.67856,0.0
09/07,0.08482,10.970999999999998,0.0,0.0,0.67856,0.0
09/07,0.08482,10.96,0.0,0.0,0.67856,0.0
09/07,0.08482,10.949000000000002,0.0,0.0,0.67856,0.0
09/07,0.08482,10.938,0.0,0.0,0.67856,0.0
09/07,0.08482,10.927,0.0,0.0,0.67856,0.0
09/07,0.08482,10.916,0.0,0.0,0.67856,0.0
09/07,0.08482,10.905,0.0,0.0,0.67856,0.0
09/07,0.08482,10.894,0.0,0.0,0.67856,0.0
09/07,0.08482,10.883,0.0,0.0,0.67856,0.0
09/07,0.08482,10.872,0.0,0.0,0.67856,0.0
09/07,0.08482,10.860999999999999,0.0,0.0,0.67856,0.0
09/07,0.08482,10.8725,0.0,0.0,0.67856,0.0
09/07,0.08482,10.77,0.0,0.0,0.67856,0.0
09/07,0.08482,10.67,0.0,0.0,0.67856,0.0
09/07,0.08482,10.6,0.0,0.0,0.67856,0.0
09/07,0.08482,10.69,0.0,0.0,0.67856,0.0
09/07,0.08482,10.685,0.0,0.0,0.67856,0.0
09/07,0.08482,10.68,0.0,0.0,0.67856,0.0
09/07,0.08482,10.636666666666667,0.0,0.0,0.67856,0.0
09/07,0.08482,10.593333333333334,0.0,0.0,0.67856,0.0
09/07,0.08482,10.55,0.0,0.0,0.67856,0.0
09/07,0.08482,10.653333333333334,0.0,0.0,0.67856,0.0
09/07,0.08482,10.756666666666666,0.0,0.0,0.67856,0.0
09/07,0.08482,10.86,0.0,0.0,0.67856,0.0
09/07,0.08482,10.891666666666666,0.0,0.0,0.67856,0.0
09/07,0.08482,10.923333333333336,0.0,0.0,0.67856,0.0
09/07,0.08482,10.955,0.0,0.0,0.67856,0.0
09/07,0.08482,10.986666666666665,0.0,0.0,0.67856,0.0
09/07,0.08482,11.018333333333334,0.0,0.0,0.67856,0.0
09/07,0.08482,11.0475,0.0,0.0,0.67856,0.0
09/07,0.08482,11.04,0.0,0.0,0.67856,0.0
09/07,0.08482,11.005,0.0,0.0,0.67856,0.0
09/07,0.08482,10.959375,0.0,0.0,0.67856,0.0
09/07,0.08482,10.95,0.0,0.0,0.67856,0.0
09/07,0.08482,10.95,0.0,0.0,0.67856,0.0
09/07,0.08482,10.92,0.0,0.0,0.67856,0.0
09/07,0.08482,10.89,0.0,0.0,0.67856,0.0
09/07,0.08482,10.883027027027028,0.0,0.0,0.67856,0.0
09/07,0.08482,10.876054054054057,0.0,0.0,0.67856,0.0
09/07,0.08482,10.869081081081081,0.0,0.0,0.67856,0.0
09/07,0.08482,10.862108108108108,0.0,0.0,0.67856,0.0
09/07,0.08482,10.855135135135136,0.0,0.0,0.67856,0.0
09/07,0.08482,10.848162162162163,0.0,0.0,0.67856,0.0
09/07,0.08482,10.841189189189189,0.0,0.0,0.67856,0.0
10/07,0.08482,10.834216216216216,0.0,0.0,0.67856,0.0
10/07,0.08482,10.827243243243243,0.0,0.0,0.67856,0.0
10/07,0.08482,10.820270270270267,0.0,0.0,0.67856,0.0
10/07,0.08482,10.813297297297296,0.0,0.0,0.67856,0.0
10/07,0.08482,10.806324324324324,0.0,0.0,0.67856,0.0
10/07,0.08482,10.799351351351351,0.0,0.0,0.67856,0.0
10/07,0.08482,10.792378378378382,0.0,0.0,0.67856,0.0
10/07,0.08482,10.78540540540541,0.0,0.0,0.67856,0.0
10/07,0.08482,10.778432432432432,0.0,0.0,0.67856,0.0
10/07,0.08482,10.771459459459459,0.0,0.0,0.67856,0.0
10/07,0.08482,10.764486486486488,0.0,0.0,0.67856,0.0
10/07,0.08482,10.757513513513512,0.0,0.0,0.67856,0.0
10/07,0.08482,10.75054054054054,0.0,0.0,0.67856,0.0
10/07,0.08482,10.743567567567569,0.0,0.0,0.67856,0.0
10/07,0.08482,10.736594594594594,0.0,0.0,0.67856,0.0
10/07,0.08482,10.729621621621623,0.0,0.0,0.67856,0.0
10/07,0.08482,10.722648648648649,0.0,0.0,0.67856,0.0
10/07,0.08482,10.715675675675676,0.0,0.0,0.67856,0.0
10/07,0.08482,10.708702702702704,0.0,0.0,0.67856,0.0
10/07,0.08482,10.70172972972973,0.0,0.0,0.67856,0.0
10/07,0.08482,10.694756756756757,0.0,0.0,0.67856,0.0
10/07,0.08482,10.687783783783782,0.0,0.0,0.67856,0.0
10/07,0.08482,10.680810810810813,0.0,0.0,0.67856,0.0
10/07,0.08482,10.673837837837835,0.0,0.0,0.67856,0.0
10/07,0.08482,10.666864864864863,0.0,0.0,0.67856,0.0
10/07,0.08482,10.659891891891894,0.0,0.0,0.67856,0.0
10/07,0.08482,10.65291891891892,0.0,0.0,0.67856,0.0
10/07,0.08482,10.645945945945943,0.0,0.0,0.67856,0.0
10/07,0.08482,10.638972972972972,0.0,0.0,0.67856,0.0
10/07,0.08482,10.628,0.0,0.0,0.67856,0.0
10/07,0.08482,10.639803921568628,0.0,0.0,0.67856,0.0
10/07,0.08482,10.651607843137256,0.0,0.0,0.67856,0.0
10/07,0.08482,10.663411764705883,0.0,0.0,0.67856,0.0
10/07,0.08482,10.675215686274509,0.0,0.0,0.67856,0.0
10/07,0.08482,10.687019607843137,0.0,0.0,0.67856,0.0
10/07,0.08482,10.698823529411763,0.0,0.0,0.67856,0.0
10/07,0.08482,10.710627450980393,0.0,0.0,0.67856,0.0
10/07,0.08482,10.72243137254902,0.0,0.0,0.67856,0.0
10/07,0.08482,10.734235294117653,0.0,0.0,0.67856,0.0
10/07,0.08482,10.746039215686274,0.0,0.0,0.67856,0.0
10/07,0.08482,10.757843137254904,0.0,0.0,0.67856,0.0
10/07,0.08482,10.769647058823528,0.0,0.0,0.67856,0.0
10/07,0.08482,10.781450980392156,0.0,0.0,0.67856,0.0
10/07,0.08482,10.793254901960783,0.0,0.0,0.67856,0.0
10/07,0.08482,10.805058823529412,0.0,0.0,0.67856,0.0
10/07,0.08482,10.81686274509804,0.0,0.0,0.67856,0.0
10/07,0.08482,10.828666666666667,0.0,0.0,0.67856,0.0
10/07,0.08482,10.840470588235297,0.0,0.0,0.67856,0.0
11/07,0.08482,10.85227450980392,0.0,0.0,0.67856,0.0
11/07,0.08482,10.864078431372551,0.0,0.0,0.67856,0.0
11/07,0.08482,10.875882352941177,0.0,0.0,0.67856,0.0
11/07,0.08482,10.887686274509804,0.0,0.0,0.67856,0.0
11/07,0.08482,10.899490196078432,0.0,0.0,0.67856,0.0
11/07,0.08482,10.911294117647062,0.0,0.0,0.67856,0.0
11/07,0.08482,10.923098039215686,0.0,0.0,0.67856,0.0
11/07,0.08482,10.934901960784314,0.0,0.0,0.67856,0.0
11/07,0.08482,10.946705882352939,0.0,0.0,0.67856,0.0
11/07,0.08482,10.958509803921569,0.0,0.0,0.67856,0.0
11/07,0.08482,10.970313725490195,0.0,0.0,0.67856,0.0
11/07,0.08482,10.982117647058823,0.0,0.0,0.67856,0.0
11/07,0.08482,10.993921568627453,0.0,0.0,0.67856,0.0
11/07,0.08482,11.005725490196081,0.0,0.0,0.67856,0.0
11/07,0.08482,11.017529411764707,0.0,0.0,0.67856,0.0
11/07,0.08482,11.029333333333335,0.0,0.0,0.67856,0.0
11/07,0.08482,11.041137254901962,0.0,0.0,0.67856,0.0
11/07,0.08482,11.052941176470588,0.0,0.0,0.67856,0.0
11/07,0.08482,11.064745098039216,0.0,0.0,0.67856,0.0
11/07,0.08482,11.076549019607844,0.0,0.0,0.67856,0.0
11/07,0.08482,11.088352941176472,0.0,0.0,0.67856,0.0
11/07,0.08482,11.100156862745099,0.0,0.0,0.67856,0.0
11/07,0.08482,11.111960784313727,0.0,0.0,0.67856,0.0
11/07,0.08482,11.123764705882351,0.0,0.0,0.67856,0.0
11/07,0.08482,11.135568627450981,0.0,0.0,0.67856,0.0
11/07,0.08482,11.14737254901961,0.0,0.0,0.67856,0.0
11/07,0.08482,11.159176470588235,0.0,0.0,0.67856,0.0
11/07,0.08482,11.170980392156864,0.0,0.0,0.67856,0.0
11/07,0.08482,11.18278431372549,0.0,0.0,0.67856,0.0
11/07,0.08482,11.194588235294118,0.0,0.0,0.67856,0.0
11/07,0.08482,11.206392156862746,0.0,0.0,0.67856,0.0
11/07,0.08482,11.218196078431372,0.0,0.0,0.67856,0.0
11/07,0.08482,11.23,0.0,0.0,0.67856,0.0
11/07,0.08482,11.26,0.0,0.0,0.67856,0.0
11/07,0.08482,11.29,0.0,0.0,0.67856,0.0
11/07,0.08482,11.3,0.0,0.0,0.67856,0.0
11/07,0.08482,11.31,0.0,0.0,0.67856,0.0
11/07,0.08482,11.32,0.0,0.0,0.67856,0.0
11/07,0.08482,11.347142857142858,0.0,0.0,0.67856,0.0
11/07,0.08482,11.374285714285715,0.0,0.0,0.67856,0.0
11/07,0.08482,11.401428571428573,0.0,0.0,0.67856,0.0
11/07,0.08482,11.428571428571427,0.0,0.0,0.67856,0.0
11/07,0.08482,11.455714285714285,0.0,0.0,0.67856,0.0
11/07,0.08482,11.482857142857142,0.0,0.0,0.67856,0.0
11/07,0.08482,11.51,0.0,0.0,0.67856,0.0
11/07,0.08542037974683545,11.492784810126581,0.7078280438993723,0.0006003797468354388,0.6833630379746836,0.0069000352347379735
11/07,0.0860207594936709,11.475569620253165,1.4156560877987445,0.0006003797468354527,0.6881660759493672,0.006889699583400207
11/07,0.08662113924050634,11.458354430379744,2.1234841316980946,0.0006003797468354388,0.6929691139240507,0.00687936393206212
12/07,0.08722151898734178,11.44113924050633,2.831312175597467,0.0006003797468354388,0.6977721518987342,0.006869028280724195
12/07,0.08782189873417723,11.42392405063291,3.539140219496839,0.0006003797468354527,0.7025751898734178,0.006858692629386426
12/07,0.08842227848101268,11.406708860759494,4.246968263396211,0.0006003797468354527,0.7073782278481014,0.0068483569780485
12/07,0.0890226582278481,11.389493670886074,4.954796307295561,0.0006003797468354249,0.7121812658227848,0.006838021326710256
12/07,0.08962303797468353,11.372278481012659,5.6626243511949115,0.0006003797468354249,0.7169843037974682,0.006827685675372331
12/07,0.090223417721519,11.35506329113924,6.370452395094306,0.0006003797468354666,0.721787341772152,0.006817350024034877
12/07,0.09082379746835444,11.337848101265823,7.078280438993678,0.0006003797468354388,0.7265903797468355,0.006807014372696636
12/07,0.09142417721518988,11.320632911392405,7.786108482893028,0.0006003797468354388,0.731393417721519,0.0067966787213587085
12/07,0.09202455696202533,11.303417721518985,8.4939365267924,0.0006003797468354527,0.7361964556962026,0.006786343070020937
12/07,0.09262493670886077,11.28620253164557,8.434236634603852,0.0006003797468354388,0.7409994936708861,0.0067760074186828554
12/07,0.0932253164556962,11.268987341772153,8.375370090234323,0.0006003797468354388,0.7458025316455696,0.00676567176734493
12/07,0.09382569620253166,11.251772151898734,8.317319565633552,0.0006003797468354527,0.7506055696202533,0.0067553361160071585
12/07,0.0944260759493671,11.234556962025316,8.260068209854143,0.0006003797468354388,0.7554086075949368,0.006745000464669076
12/07,0.09502645569620254,11.217341772151899,8.203599632743463,0.0006003797468354388,0.7602116455696203,0.006734664813331149
12/07,0.095626835443038,11.20012658227848,8.147897889299905,0.0006003797468354666,0.765014683544304,0.006724329161993533
12/07,0.09622721518987344,11.182911392405064,8.092947464661982,0.0006003797468354388,0.7698177215189875,0.006713993510655297
12/07,0.09682759493670888,11.165696202531645,8.038733259701015,0.0006003797468354388,0.774620759493671,0.00670365785931737
12/07,0.0974279746835443,11.148481012658227,7.985240577188835,0.0006003797468354249,0.7794237974683544,0.006693322207979288
12/07,0.09802835443037976,11.13126582278481,7.93245510851448,0.0006003797468354527,0.7842268354430381,0.006682986556641671
12/07,0.0986287341772152,11.114050632911393,7.880362920923623,0.0006003797468354388,0.7890298734177216,0.006672650905303591
12/07,0.09922911392405064,11.096835443037977,7.8289504452581316,0.0006003797468354388,0.7938329113924051,0.006662315253965665
12/07,0.09982949367088607,11.079620253164556,7.778204464172234,0.0006003797468354388,0.7986359493670886,0.0066519796026277365
12/07,0.10042987341772153,11.06240506329114,7.728112100803819,0.0006003797468354527,0.8034389873417722,0.006641643951289964
12/07,0.10103025316455697,11.045189873417721,7.6786608078810215,0.0006003797468354388,0.8082420253164557,0.0066313082999518835
12/07,0.1016306329113924,11.027974683544304,7.629838357244156,0.0006003797468354388,0.8130450632911392,0.006620972648613958
12/07,0.10223101265822786,11.010759493670886,7.581632829764939,0.0006003797468354527,0.8178481012658229,0.006610636997276184
12/07,0.1028313924050633,10.993544303797467,7.5340326056453355,0.0006003797468354388,0.8226511392405064,0.006600301345938104
12/07,0.10343177215189876,10.97632911392405,7.48702635507994,0.0006003797468354666,0.8274541772151901,0.006589965694600483
12/07,0.1040321518987342,10.959113924050634,7.440603029265125,0.0006003797468354388,0.8322572151898736,0.006579630043262252
12/07,0.10463253164556964,10.941898734177217,7.394751851741188,0.0006003797468354388,0.8370602531645571,0.006569294391924326
12/07,0.10523291139240508,10.924683544303797,7.349462310052379,0.0006003797468354388,0.8418632911392406,0.006558958740586398
12/07,0.10583329113924053,10.90746835443038,7.3047241477116165,0.0006003797468354527,0.8466663291139243,0.006548623089248623
12/07,0.10643367088607596,10.890253164556961,7.260527356456747,0.0006003797468354249,0.8514693670886077,0.006538287437910394
12/07,0.1070340506329114,10.873037974683543,7.216862168786542,0.0006003797468354388,0.8562724050632912,0.0065279517865726175
12/07,0.10763443037974683,10.855822784810126,7.173719050764049,0.0006003797468354388,0.8610754430379747,0.006517616135234692
12/07,0.10823481012658227,10.838607594936711,7.131088695076904,0.0006003797468354388,0.8658784810126582,0.006507280483896767
12/07,0.10883518987341773,10.821392405063289,7.088962014343325,0.0006003797468354527,0.8706815189873418,0.006496944832558988
12/07,0.10943556962025316,10.804177215189874,7.047330134654062,0.0006003797468354388,0.8754845569620253,0.006486609181220913
12/07,0.11003594936708863,10.786962025316457,7.006184389340819,0.0006003797468354666,0.880287594936709,0.006476273529883287
12/07,0.11063632911392406,10.769746835443039,6.9655163129611175,0.0006003797468354249,0.8850906329113924,0.00646593787854491
12/07,0.11123670886075952,10.75253164556962,6.925317635492445,0.0006003797468354666,0.8898936708860762,0.006455602227207431
12/07,0.11183708860759496,10.735316455696204,6.885580276724945,0.0006003797468354388,0.8946967088607597,0.006445266575869207
12/07,0.1124374683544304,10.718101265822783,6.846296340847302,0.0006003797468354388,0.8994997468354432,0.006434930924531279
12/07,0.11303784810126585,10.700886075949366,6.807458111216236,0.0006003797468354527,0.9043027848101268,0.006424595273193502
12/07,0.11363822784810125,10.68367088607595,6.769058045303056,0.0006003797468353972,0.90910582278481,0.006414259621854982
12/07,0.11423860759493673,10.666455696202533,6.731088769810634,0.0006003797468354805,0.9139088607594938,0.006403923970517945
12/07,0.11483898734177216,10.649240506329113,6.693543075953312,0.0006003797468354249,0.9187118987341772,0.0063935883191794255
12/07,0.1154393670886076,10.632025316455696,6.656413914894377,0.0006003797468354388,0.9235149367088608,0.006383252667841647
13/07,0.11603974683544305,10.61481012658228,6.619694393334252,0.0006003797468354527,0.9283179746835444,0.006372917016503868
13/07,0.11664012658227847,10.597594936708859,6.583377769244025,0.0006003797468354249,0.9331210126582278,0.006362581365165646
13/07,0.11724050632911392,10.580379746835442,6.547457447738569,0.0006003797468354527,0.9379240506329114,0.0063522457138280135
13/07,0.11784088607594938,10.563164556962024,6.511926977084226,0.0006003797468354527,0.942727088607595,0.006341910062490087
13/07,0.11844126582278484,10.545949367088607,6.476780044835406,0.0006003797468354666,0.9475301265822788,0.006331574411152307
13/07,0.11904164556962027,10.52873417721519,6.442010474096005,0.0006003797468354249,0.9523331645569622,0.006321238759813942
13/07,0.11964202531645572,10.511518987341773,6.4076122199005825,0.0006003797468354527,0.9571362025316458,0.006310903108476308
13/07,0.12024240506329115,10.494303797468357,6.373579365710347,0.0006003797468354249,0.9619392405063292,0.00630056745713809
13/07,0.1208427848101266,10.477088607594936,6.339906120021155,0.0006003797468354527,0.9667422784810128,0.006290231805800454
13/07,0.12144316455696202,10.45987341772152,6.3065868130772085,0.0006003797468354249,0.9715453164556962,0.006279896154462237
13/07,0.12204354430379748,10.4426582278481,6.273615893689355,0.0006003797468354527,0.9763483544303798,0.006269560503124599
13/07,0.12264392405063293,10.425443037974683,6.240987926151176,0.0006003797468354527,0.9811513924050634,0.006259224851786673
13/07,0.12324430379746835,10.408227848101266,6.2086975872518435,0.0006003797468354249,0.9859544303797468,0.006248889200448458
13/07,0.1238446835443038,10.391012658227847,6.176739663380926,0.0006003797468354388,0.9907574683544303,0.006238553549110675
13/07,0.12444506329113925,10.37379746835443,6.145109047721875,0.0006003797468354527,0.995560506329114,0.006228217897772893
13/07,0.12504544303797469,10.356582278481014,6.113800737531716,0.0006003797468354388,1.0003635443037975,0.006217882246434823
13/07,0.12564582278481012,10.339367088607597,6.082809831503266,0.0006003797468354388,1.005166582278481,0.0062075465950968975
13/07,0.1262462025316456,10.322151898734177,6.052131527207272,0.0006003797468354666,1.0099696202531647,0.0061972109437592555
13/07,0.12684658227848106,10.30493670886076,6.021761118611235,0.0006003797468354666,1.0147726582278485,0.006186875292421329
13/07,0.12744696202531647,10.28772151898734,5.9916939936731195,0.0006003797468354111,1.0195756962025317,0.006176539641082829
13/07,0.1280473417721519,10.270506329113923,5.961925632006437,0.0006003797468354388,1.0243787341772153,0.006166203989745189
13/07,0.12864772151898735,10.253291139240506,5.932451602614552,0.0006003797468354388,1.0291817721518988,0.006155868338407263
13/07,0.12924810126582278,10.23607594936709,5.903267561692016,0.0006003797468354388,1.0339848101265823,0.006145532687069338
13/07,0.12984848101265822,10.218860759493671,5.8743692504904965,0.0006003797468354388,1.0387878481012658,0.00613519703573141
13/07,0.1304488607594937,10.201645569620254,5.845752493246947,0.0006003797468354666,1.0435908860759495,0.006124861384393767
13/07,0.13104924050632913,10.184430379746836,5.817413195171994,0.0006003797468354388,1.048393924050633,0.006114525733055557
13/07,0.13164962025316454,10.167215189873417,5.789347340496942,0.0006003797468354111,1.0531969620253163,0.006104190081717348
13/07,0.13225,10.15,5.761550990576603,0.0006003797468354666,1.058,0.006093854430379986
13/07,0.13225,10.19,5.2561852585427005,0.0,1.058,0.0
13/07,0.13225,10.213333333333333,4.755626187527873,0.0,1.058,0.0
13/07,0.13225,10.236666666666666,4.259805526061555,0.0,1.058,0.0
13/07,0.13225,10.26,3.768656308754892,0.0,1.058,0.0
13/07,0.13225,10.262115384615383,3.282112826150141,0.0,1.058,0.0
13/07,0.13225,10.26423076923077,2.800110595414629,0.0,1.058,0.0
13/07,0.13225,10.266346153846154,2.3225863318512285,0.0,1.058,0.0
13/07,0.13225,10.268461538461539,1.849477921199294,0.0,1.058,0.0
13/07,0.13225,10.270576923076923,1.3807243927005608,0.0,1.058,0.0
13/07,0.13225,10.272692307692306,0.9162658929052547,0.0,1.058,0.0
13/07,0.13225,10.274807692307693,0.45604366019509346,0.0,1.058,0.0
13/07,0.13225,10.276923076923076,0.0,0.0,1.058,0.0
13/07,0.13225,10.27903846153846,0.0,0.0,1.058,0.0
13/07,0.13225,10.281153846153844,0.0,0.0,1.058,0.0
13/07,0.13225,10.28326923076923,0.0,0.0,1.058,0.0
13/07,0.13225,10.285384615384617,0.0,0.0,1.058,0.0
13/07,0.13225,10.2875,0.0,0.0,1.058,0.0
13/07,0.13225,10.289615384615383,0.0,0.0,1.058,0.0
13/07,0.13225,10.29173076923077,0.0,0.0,1.058,0.0
13/07,0.13225,10.293846153846154,0.0,0.0,1.058,0.0
14/07,0.13225,10.295961538461539,0.0,0.0,1.058,0.0
14/07,0.13225,10.298076923076923,0.0,0.0,1.058,0.0
14/07,0.13225,10.300192307692308,0.0,0.0,1.058,0.0
14/07,0.13225,10.302307692307693,0.0,0.0,1.058,0.0
14/07,0.13225,10.304423076923076,0.0,0.0,1.058,0.0
14/07,0.13225,10.306538461538462,0.0,0.0,1.058,0.0
14/07,0.13225,10.308653846153844,0.0,0.0,1.058,0.0
14/07,0.13225,10.31076923076923,0.0,0.0,1.058,0.0
14/07,0.13225,10.312884615384617,0.0,0.0,1.058,0.0
14/07,0.13225,10.315,0.0,0.0,1.058,0.0
14/07,0.13225,10.317115384615382,0.0,0.0,1.058,0.0
14/07,0.13225,10.319230769230767,0.0,0.0,1.058,0.0
14/07,0.13225,10.321346153846154,0.0,0.0,1.058,0.0
14/07,0.13225,10.323461538461537,0.0,0.0,1.058,0.0
14/07,0.13225,10.325576923076923,0.0,0.0,1.058,0.0
14/07,0.13225,10.327692307692308,0.0,0.0,1.058,0.0
14/07,0.13225,10.329807692307693,0.0,0.0,1.058,0.0
14/07,0.13225,10.331923076923076,0.0,0.0,1.058,0.0
14/07,0.13225,10.334038461538462,0.0,0.0,1.058,0.0
14/07,0.13225,10.336153846153843,0.0,0.0,1.058,0.0
14/07,0.13225,10.33826923076923,0.0,0.0,1.058,0.0
14/07,0.13225,10.340384615384616,0.0,0.0,1.058,0.0
14/07,0.13225,10.3425,0.0,0.0,1.058,0.0
14/07,0.13225,10.344615384615382,0.0,0.0,1.058,0.0
14/07,0.13225,10.346730769230767,0.0,0.0,1.058,0.0
14/07,0.13225,10.348846153846154,0.0,0.0,1.058,0.0
14/07,0.13225,10.350961538461537,0.0,0.0,1.058,0.0
14/07,0.13225,10.353076923076925,0.0,0.0,1.058,0.0
14/07,0.13225,10.355192307692308,0.0,0.0,1.058,0.0
14/07,0.13225,10.357307692307687,0.0,0.0,1.058,0.0
14/07,0.13225,10.359423076923076,0.0,0.0,1.058,0.0
14/07,0.13225,10.361538461538462,0.0,0.0,1.058,0.0
14/07,0.13225,10.363653846153843,0.0,0.0,1.058,0.0
14/07,0.13225,10.36576923076923,0.0,0.0,1.058,0.0
14/07,0.13225,10.367884615384613,0.0,0.0,1.058,0.0
14/07,0.13225,10.3625,0.0,0.0,1.058,0.0
14/07,0.13225,10.291666666666668,0.0,0.0,1.058,0.0
14/07,0.13225,10.220833333333333,0.0,0.0,1.058,0.0
14/07,0.13225,10.15,0.0,0.0,1.058,0.0
14/07,0.13273576763485478,10.141452282157676,0.3673101208731877,0.0004857676348547779,1.0618861410788383,0.004926389289096324
14/07,0.13322153526970956,10.132904564315352,0.7346202417463532,0.0004857676348547779,1.0657722821576765,0.004922237084416652
14/07,0.1337073029045643,10.12435684647303,1.1019303626195187,0.00048576763485475016,1.0696584232365145,0.004918084879736701
14/07,0.1341930705394191,10.115809128630707,1.4692404834926842,0.0004857676348547779,1.0735445643153527,0.004913932675057311
14/07,0.13467883817427387,10.107261410788382,1.836550604365872,0.0004857676348547779,1.077430705394191,0.004909780470377639
14/07,0.13516460580912865,10.098713692946056,2.2038607252390374,0.0004857676348547779,1.0813168464730292,0.004905628265697966
14/07,0.1356503734439834,10.090165975103735,2.571170846112203,0.00048576763485475016,1.0852029875518672,0.004901476061018015
14/07,0.13613614107883815,10.081618257261413,2.9384809669853684,0.00048576763485475016,1.0890891286307052,0.004897323856338344
14/07,0.13662190871369295,10.073070539419088,3.305791087858556,0.0004857676348548057,1.0929752697095436,0.004893171651659233
15/07,0.13710767634854773,10.064522821576764,3.673101208731744,0.0004857676348547779,1.0968614107883818,0.0048890194469792805
15/07,0.1375934439834025,10.05597510373444,4.040411329604909,0.0004857676348547779,1.10074755186722,0.0048848672422996085
15/07,0.13807921161825726,10.047427385892117,4.407721450478075,0.00048576763485475016,1.104633692946058,0.004880715037619659
15/07,0.13856497925311206,10.038879668049793,4.391590693393943,0.0004857676348548057,1.1085198340248965,0.004876562832940545
15/07,0.1390507468879668,10.030331950207467,4.375577571941247,0.0004857676348547224,1.1124059751037343,0.004872410628260037
15/07,0.1395365145228216,10.021784232365146,4.359680803985677,0.0004857676348548057,1.1162921161825727,0.004868258423581202
15/07,0.14002228215767634,10.013236514522822,4.343899125957429,0.00048576763485475016,1.1201782572614107,0.004864106218900973
15/07,0.14050804979253112,10.004688796680496,4.328231292517004,0.0004857676348547779,1.124064398340249,0.0048599540142215784
15/07,0.1409938174273859,9.996141078838175,4.3126760762273175,0.0004857676348547779,1.1279505394190872,0.004855801809541908
15/07,0.14147958506224068,9.987593360995849,4.297232267233264,0.0004857676348547779,1.1318366804979254,0.004851649604862235
15/07,0.14196535269709545,9.979045643153526,4.281898672947948,0.0004857676348547779,1.1357228215767636,0.004847497400182564
15/07,0.1424511203319502,9.970497925311204,4.266674117745661,0.00048576763485475016,1.1396089626556016,0.0048433451955026165
15/07,0.14293688796680498,9.961950207468881,4.251557442661746,0.0004857676348547779,1.1434951037344399,0.004839192990823223
15/07,0.14342265560165976,9.953402489626557,4.2365475050980095,0.0004857676348547779,1.147381244813278,0.004835040786143551
15/07,0.14390842323651454,9.944854771784232,4.2216431785351505,0.0004857676348547779,1.1512673858921163,0.004830888581463879
15/07,0.1443941908713693,9.93630705394191,4.206843352250789,0.00048576763485475016,1.1551535269709543,0.004826736376783932
15/07,0.14487995850622407,9.927759336099584,4.192146931043728,0.0004857676348547779,1.1590396680497925,0.004822584172104535
15/07,0.14536572614107884,9.919211618257261,4.177552834963394,0.0004857676348547779,1.1629258091286307,0.004818431967424864
15/07,0.14585149377593362,9.910663900414939,4.163059999045804,0.0004857676348547779,1.166811950207469,0.004814279762745193
15/07,0.1463372614107884,9.902116182572613,4.14866737305406,0.0004857676348547779,1.1706980912863072,0.00481012755806552
15/07,0.14682302904564315,9.893568464730286,4.134373921224865,0.00048576763485475016,1.1745842323651452,0.004805975353385573
15/07,0.14730879668049793,9.885020746887966,4.120178622020143,0.0004857676348547779,1.1784703734439834,0.004801823148706178
15/07,0.1477945643153527,9.876473029045645,4.106080467883433,0.0004857676348547779,1.1823565145228216,0.0047976709440265075
15/07,0.14828033195020748,9.86792531120332,4.092078465001614,0.0004857676348547779,1.1862426556016599,0.004793518739346836
15/07,0.14876609958506226,9.859377593360996,4.0781716330714035,0.0004857676348547779,1.190128796680498,0.004789366534667164
15/07,0.14925186721991698,9.850829875518672,4.06435900507045,0.0004857676348547224,1.1940149377593359,0.004785214329986945
15/07,0.1497376348547718,9.84228215767635,4.0506396270334255,0.0004857676348548057,1.1979010788381743,0.004781062125308094
15/07,0.15022340248962654,9.833734439834023,4.037012557832109,0.00048576763485475016,1.2017872199170123,0.004776909920627875
15/07,0.15070917012448132,9.825186721991704,4.023476868960341,0.0004857676348547779,1.2056733609958505,0.004772757715948478
15/07,0.1511949377593361,9.816639004149378,4.010031644323053,0.0004857676348547779,1.2095595020746888,0.0047686055112688055
15/07,0.15168070539419087,9.808091286307057,3.996675980029707,0.0004857676348547779,1.213445643153527,0.004764453306589135
15/07,0.15216647302904565,9.799543568464733,3.983408984191583,0.0004857676348547779,1.2173317842323652,0.004760301101909464
15/07,0.15265224066390046,9.790995850622409,3.9702297767233663,0.0004857676348548057,1.2212179253112037,0.004756148897230064
15/07,0.15313800829875518,9.782448132780084,3.9571374891483213,0.0004857676348547224,1.2251040663900414,0.004751996692549577
15/07,0.15362377593360996,9.77390041493776,3.9441312644078907,0.0004857676348547779,1.2289902074688797,0.004747844487870448
15/07,0.15410954356846476,9.765352697095436,3.9312102566743112,0.0004857676348548057,1.232876348547718,0.004743692283191048
15/07,0.1545953112033195,9.756804979253113,3.91837363116736,0.00048576763485475016,1.236762489626556,0.0047395400785108345
15/07,0.1550810788381743,9.748257261410787,3.905620563974721,0.0004857676348547779,1.2406486307053943,0.004735387873831432
15/07,0.15556684647302904,9.739709543568463,3.892950241875348,0.00048576763485475016,1.2445347717842323,0.004731235669151491
15/07,0.15605261410788382,9.731161825726144,3.8803618621671143,0.0004857676348547779,1.2484209128630706,0.004727083464472091
15/07,0.1565383817427386,9.722614107883818,3.8678546324968366,0.0004857676348547779,1.2523070539419088,0.004722931259792419
15/07,0.15702414937759335,9.714066390041491,3.8554277706942086,0.00048576763485475016,1.2561931950207468,0.004718779055112476
15/07,0.15750991701244813,9.705518672199169,3.843080504608798,0.0004857676348547779,1.260079336099585,0.004714626850433075
15/07,0.1579956846473029,9.696970954356846,3.8308120719500183,0.0004857676348547779,1.2639654771784232,0.004710474645753404
15/07,0.15848145228215768,9.688423236514524,3.8186217201302552,0.0004857676348547779,1.2678516182572614,0.004706322441073733
15/07,0.15896721991701246,9.6798755186722,3.8065087061111225,0.0004857676348547779,1.2717377593360997,0.004702170236394061
15/07,0.1594529875518672,9.671327800829877,3.794472296252116,0.00048576763485475016,1.2756239004149377,0.004698018031714122
15/07,0.159938755186722,9.662780082987553,3.782511766162977,0.0004857676348547779,1.279510041493776,0.004693865827034718
16/07,0.16042452282157674,9.654232365145226,3.7706264005580303,0.00048576763485475016,1.283396182572614,0.004689713622354778
16/07,0.16091029045643154,9.645684647302904,3.758815493113765,0.0004857676348548057,1.2872823236514523,0.004685561417675642
16/07,0.16139605809128632,9.63713692946058,3.7470783463287027,0.0004857676348547779,1.2911684647302906,0.004681409212995703
16/07,0.16188182572614107,9.628589211618255,3.7354142713862837,0.00048576763485475016,1.2950546058091286,0.004677257008315764
16/07,0.16236759336099585,9.620041493775934,3.7238225880201092,0.0004857676348547779,1.2989407468879668,0.0046731048036363606
16/07,0.16285336099585065,9.611493775933608,3.712302624381625,0.0004857676348548057,1.3028268879668052,0.004668952598956955
16/07,0.1633391286307054,9.602946058091288,3.7008537169101574,0.00048576763485475016,1.3067130290456432,0.004664800394276751
16/07,0.16382489626556018,9.594398340248963,3.6894752102058614,0.0004857676348547779,1.3105991701244815,0.0046606481895973455
16/07,0.16431066390041493,9.58585062240664,3.678166456904375,0.00048576763485475016,1.3144853112033195,0.004656495984917409
16/07,0.1647964315352697,9.577302904564316,3.6669268175541836,0.0004857676348547779,1.3183714522821577,0.0046523437802380024
16/07,0.1652821991701245,9.568755186721992,3.6557556604959407,0.0004857676348547779,1.322257593360996,0.004648191575558331
16/07,0.16576796680497924,9.560207468879668,3.6446523617442717,0.00048576763485475016,1.326143734439834,0.004644039370878394
16/07,0.16625373443983402,9.551659751037343,3.633616304871601,0.0004857676348547779,1.3300298755186721,0.004639887166198987
16/07,0.1667395020746888,9.54311203319502,3.6226468808939094,0.0004857676348547779,1.3339160165975104,0.004635734961519316
16/07,0.16722526970954354,9.534564315352695,3.611743488158914,0.00048576763485475016,1.3378021576763484,0.004631582756839379
16/07,0.16771103734439835,9.526016597510374,3.6009055322360206,0.0004857676348548057,1.3416882987551868,0.004627430552160238
16/07,0.1681968049792531,9.517468879668051,3.5901324258080347,0.00048576763485475016,1.3455744398340248,0.004623278347480038
16/07,0.16868257261410788,9.508921161825725,3.5794235885655112,0.0004857676348547779,1.349460580912863,0.004619126142800629
16/07,0.16916834024896266,9.500373443983404,3.568778447102261,0.0004857676348547779,1.3533467219917013,0.004614973938120959
16/07,0.16965410788381746,9.491825726141078,3.55819643481301,0.0004857676348548057,1.3572328630705397,0.00461082173344155
16/07,0.1701398755186722,9.483278008298756,3.5476769917929696,0.00048576763485475016,1.3611190041493777,0.004606669528761352
16/07,0.17062564315352696,9.474730290456431,3.5372195647389804,0.00048576763485475016,1.3650051452282157,0.004602517324081681
16/07,0.17111141078838174,9.466182572614107,3.5268236068527026,0.0004857676348547779,1.368891286307054,0.004598365119402272
16/07,0.17159717842323652,9.457634854771783,3.516488577745047,0.0004857676348547779,1.3727774273858921,0.0045942129147226
16/07,0.17208294605809127,9.44908713692946,3.5062139433426065,0.00048576763485475016,1.3766635684647301,0.004590060710042667
16/07,0.17256871369294605,9.440539419087138,3.495999175795861,0.0004857676348547779,1.3805497095435684,0.004585908505363258
16/07,0.17305448132780082,9.431991701244812,3.48584375338854,0.0004857676348547779,1.3844358506224066,0.004581756300683585
16/07,0.1735402489626556,9.423443983402489,3.47574716044885,0.0004857676348547779,1.3883219917012448,0.004577604096003914
16/07,0.17402601659751038,9.414896265560166,3.465708887262342,0.0004857676348547779,1.392208132780083,0.004573451891324243
16/07,0.17451178423236513,9.406348547717842,3.4557284299858493,0.00048576763485475016,1.396094273858921,0.004569299686644311
16/07,0.1749975518672199,9.39780082987552,3.4458052905635306,0.0004857676348547779,1.3999804149377593,0.004565147481964901
16/07,0.17548331950207469,9.389253112033195,3.435938976643693,0.0004857676348547779,1.4038665560165975,0.004560995277285229
16/07,0.17596908713692944,9.380705394190873,3.4261290014976575,0.00048576763485475016,1.4077526970954355,0.004556843072605297
16/07,0.17645485477178424,9.372157676348547,3.416374883939466,0.0004857676348548057,1.411638838174274,0.004552690867926145
16/07,0.17694062240663894,9.363609958506224,3.4066761482472563,0.00048576763485469465,1.4155249792531115,0.004548538663245434
16/07,0.17742639004149374,9.3550622406639,3.3970323240862133,0.0004857676348548057,1.41941112033195,0.004544386458566802
16/07,0.17791215767634855,9.346514522821577,3.387442946432051,0.0004857676348548057,1.4232972614107884,0.00454023425388713
16/07,0.17839792531120333,9.337966804979251,3.3779075554965843,0.0004857676348547779,1.4271834024896266,0.004536082049207198
16/07,0.1788836929460581,9.32941908713693,3.368425696654187,0.0004857676348547779,1.4310695435684648,0.004531929844527528
16/07,0.17936946058091285,9.320871369294606,3.358996920369539,0.00048576763485475016,1.4349556846473028,0.004527777639847597
16/07,0.17985522821576766,9.312323651452283,3.3496207821265944,0.0004857676348548057,1.4388418257261413,0.004523625435168444
16/07,0.1803409958506224,9.30377593360996,3.34029684235857,0.00048576763485475016,1.4427279668049793,0.004519473230488256
16/07,0.1808267634854772,9.295228215767636,3.3310246663794674,0.0004857676348547779,1.4466141078838175,0.004515321025808842
16/07,0.18131253112033194,9.286680497925312,3.3218038243163717,0.00048576763485475016,1.4505002489626555,0.0045111688211289126
16/07,0.18179829875518672,9.27813278008299,3.312633891043215,0.0004857676348547779,1.4543863900414937,0.004507016616449499
16/07,0.1822840663900415,9.269585062240663,3.3035144461150745,0.0004857676348547779,1.458272531120332,0.004502864411769826
16/07,0.18276983402489627,9.26103734439834,3.294445073704355,0.0004857676348547779,1.4621586721991702,0.004498712207090154
16/07,0.18325560165975105,9.252489626556017,3.285425362537131,0.0004857676348547779,1.4660448132780084,0.004494560002410483
17/07,0.1837413692946058,9.243941908713694,3.2764549058314163,0.00048576763485475016,1.4699309543568464,0.004490407797730556
17/07,0.18422713692946047,9.235394190871368,3.267533301235681,0.0004857676348546669,1.4738170954356837,0.004486255593050115
17/07,0.18471290456431536,9.226846473029042,3.258660150769055,0.00048576763485488894,1.4777032365145228,0.004482103388372492
17/07,0.18519867219917013,9.218298755186725,3.249835060761508,0.0004857676348547779,1.481589377593361,0.004477951183691799
17/07,0.18568443983402488,9.209751037344398,3.241057641796252,0.00048576763485475016,1.485475518672199,0.00447379897901187
17/07,0.18617020746887966,9.201203319502074,3.232327508652344,0.0004857676348547779,1.4893616597510373,0.004469646774332454
17/07,0.18665597510373444,9.192655601659752,3.223644280248039,0.0004857676348547779,1.4932478008298755,0.004465494569652783
17/07,0.1871417427385892,9.184107883817427,3.215007579585638,0.00048576763485475016,1.4971339419087135,0.004461342364972856
17/07,0.187627510373444,9.175560165975103,3.2064170336967956,0.0004857676348548057,1.501020082987552,0.004457190160293694
17/07,0.18811327800829875,9.16701244813278,3.197872273588742,0.00048576763485475016,1.50490622406639,0.004453037955613514
17/07,0.18859904564315352,9.158464730290458,3.18937293419177,0.0004857676348547779,1.5087923651452282,0.0044488857509340975
17/07,0.1890848132780083,9.149917012448133,3.18091865430683,0.0004857676348547779,1.5126785062240664,0.0044447335462544256
17/07,0.18957058091286305,9.141369294605813,3.172509076554686,0.00048576763485475016,1.5165646473029044,0.004440581341574501
17/07,0.19005634854771786,9.132821576763488,3.1641438473254624,0.0004857676348548057,1.5204507883817429,0.004436429136895337
17/07,0.1905421161825726,9.124273858921162,3.155822616728754,0.00048576763485475016,1.5243369294605809,0.004432276932215157
17/07,0.19102788381742736,9.115726141078838,3.1475450385455517,0.00048576763485475016,1.5282230705394189,0.004428124727535486
17/07,0.19151365145228216,9.107178423236515,3.1393107701796374,0.0004857676348548057,1.5321092116182573,0.004423972522856321
17/07,0.1919994190871369,9.098630705394193,3.1311194726103997,0.00048576763485475016,1.5359953526970953,0.004419820318176144
17/07,0.1924851867219917,9.090082987551867,3.1229708103464926,0.0004857676348547779,1.5398814937759335,0.004415668113496724
17/07,0.19297095435684647,9.081535269709542,3.114864451379984,0.0004857676348547779,1.5437676348547718,0.004411515908817052
17/07,0.19345672199170125,9.07298755186722,3.106800067141058,0.0004857676348547779,1.54765377593361,0.004407363704137381
17/07,0.19394248962655605,9.064439834024897,3.0987773324539836,0.0004857676348548057,1.5515399170124484,0.004403211499457962
17/07,0.1944282572614108,9.055892116182573,3.090795925492995,0.00048576763485475016,1.5554260580912864,0.004399059294777787
17/07,0.19491402489626555,9.047344398340249,3.0828555277396363,0.00048576763485475016,1.5593121991701244,0.004394907090098116
17/07,0.1953997925311204,9.038796680497926,3.0749558239401953,0.00048576763485483343,1.563198340248963,0.004390754885419197
17/07,0.19588556016597508,9.030248962655602,3.067096502063782,0.00048576763485469465,1.5670844813278006,0.004386602680738271
17/07,0.1963713278008299,9.021701244813276,3.059277253261894,0.0004857676348548057,1.570970622406639,0.004382450476059601
17/07,0.19685709543568464,9.013153526970958,3.0514977718271163,0.00048576763485475016,1.574856763485477,0.004378298271379432
17/07,0.1973428630705394,9.00460580912863,3.0437577551538864,0.00048576763485475016,1.578742904564315,0.004374146066699758
17/07,0.1978286307053942,8.996058091286306,3.036056903699147,0.0004857676348548057,1.5826290456431535,0.004369993862020587
17/07,0.1983143983402489,8.987510373443984,3.0283949209434002,0.00048576763485469465,1.586515186721991,0.004365841657339917
17/07,0.19880016597510367,8.97896265560166,3.020771513353071,0.0004857676348547779,1.5904013278008293,0.004361689452660994
17/07,0.1992859336099585,8.970414937759337,3.0131863903428036,0.00048576763485483343,1.594287468879668,0.004357537247981821
17/07,0.19977170124481328,8.96186721991701,3.00563926423838,0.0004857676348547779,1.5981736099585062,0.00435338504330165
17/07,0.20025746887966805,8.953319502074688,2.9981298502407494,0.0004857676348547779,1.6020597510373444,0.004349232838621979
17/07,0.2007432365145228,8.944771784232367,2.9906578663898564,0.00048576763485475016,1.6059458921161824,0.004345080633942061
17/07,0.2012290041493776,8.936224066390041,2.983223033529492,0.0004857676348548057,1.6098320331950209,0.004340928429262884
17/07,0.2017147717842324,8.927676348547719,2.975825075272609,0.0004857676348547779,1.613718174273859,0.004336776224582966
17/07,0.2022005394190871,8.919128630705394,2.968463717966774,0.0004857676348547224,1.6176043153526969,0.004332624019902798
17/07,0.20268630705394192,8.91058091286307,2.9611386906608805,0.0004857676348548057,1.6214904564315353,0.004328471815223869
17/07,0.20317207468879667,8.90203319502075,2.953849725071467,0.00048576763485475016,1.6253765975103733,0.004324319610543704
17/07,0.20365784232365144,8.893485477178423,2.946596555550185,0.0004857676348547779,1.6292627385892116,0.004320167405864279
17/07,0.20414360995850625,8.884937759336099,2.9393789190516273,0.0004857676348548057,1.63314887966805,0.004316015201184853
17/07,0.20462937759336086,8.876390041493776,2.932196555101063,0.0004857676348546114,1.637035020746887,0.0043118629965034575
17/07,0.20511514522821567,8.867842323651454,2.925049205763841,0.0004857676348548057,1.6409211618257253,0.004307710791825511
17/07,0.20560091286307053,8.859294605809131,2.9179366156139253,0.0004857676348548612,1.6448073029045642,0.004303558587146331
17/07,0.2060866804979253,8.850746887966805,2.910858531703475,0.0004857676348547779,1.6486934439834025,0.004299406382465921
17/07,0.20657244813278008,8.84219917012448,2.9038147035332695,0.0004857676348547779,1.6525795850622407,0.004295254177786249
18/07,0.20705821576763486,8.833651452282158,2.8968048830227744,0.0004857676348547779,1.656465726141079,0.004291101973106578
18/07,0.2075439834024896,8.825103734439834,2.889828824481211,0.00048576763485475016,1.660351867219917,0.004286949768426661
18/07,0.2080297510373444,8.816556016597511,2.882886284578823,0.0004857676348547779,1.6642380082987551,0.004282797563747235
18/07,0.20851551867219914,8.808008298755189,2.8759770223184766,0.00048576763485475016,1.6681241493775931,0.0042786453590673195
18/07,0.20900128630705395,8.799460580912863,2.869100799007951,0.0004857676348548057,1.6720102904564316,0.004274493154388136
18/07,0.2094870539419087,8.79091286307054,2.8622573782322247,0.00048576763485475016,1.6758964315352696,0.004270340949707976
18/07,0.20997282157676347,8.782365145228216,2.8554465258266326,0.0004857676348547779,1.6797825726141078,0.004266188745028548
18/07,0.21045858921161825,8.773817427385893,2.848668009850086,0.0004857676348547779,1.683668713692946,0.004262036540348878
18/07,0.21094435684647306,8.765269709543569,2.841921600558406,0.0004857676348548057,1.6875548547717845,0.004257884335669449
18/07,0.2114301244813278,8.756721991701244,2.8352070703788756,0.00048576763485475016,1.6914409958506225,0.004253732130989291
18/07,0.21191589211618256,8.748174273858922,2.828524193884485,0.00048576763485475016,1.6953271369294605,0.00424957992630962
18/07,0.21240165975103734,8.739626556016598,2.82187274776855,0.0004857676348547779,1.6992132780082987,0.004245427721630191
18/07,0.2128874273858921,8.731078838174273,2.815252510819888,0.00048576763485475016,1.7030994190871367,0.004241275516950277
18/07,0.21337319502074686,8.72253112033195,2.8086632638984588,0.0004857676348547779,1.706985560165975,0.004237123312270848
18/07,0.21385896265560167,8.713983402489626,2.802104789910964,0.0004857676348548057,1.7108717012448134,0.004232971107591418
18/07,0.2143447302904564,8.705435684647302,2.795576873787109,0.0004857676348547224,1.7147578423236511,0.004228818902911021
18/07,0.2148304979253112,8.69688796680498,2.789079302456199,0.0004857676348548057,1.7186439834024896,0.004224666698232075
18/07,0.215316265560166,8.688340248962655,2.7826118648237586,0.0004857676348548057,1.722530124481328,0.004220514493552403
18/07,0.21580203319502075,8.679792531120333,2.7761743517487503,0.00048576763485475016,1.726416265560166,0.0042163622888722494
18/07,0.2162878008298755,8.671244813278008,2.7697665560211027,0.00048576763485475016,1.730302406639004,0.0042122100841925775
18/07,0.21677356846473028,8.662697095435686,2.7633882723393954,0.0004857676348547779,1.7341885477178423,0.0042080578795131475
18/07,0.21725933609958506,8.654149377593361,2.757039297288988,0.0004857676348547779,1.7380746887966805,0.0042039056748334755
18/07,0.21774510373443984,8.645601659751037,2.750719429320303,0.0004857676348547779,1.7419608298755187,0.0041997534701538036
18/07,0.2182308713692946,8.637053941908714,2.7444284687275333,0.00048576763485475016,1.7458469709543567,0.004195601265473893
18/07,0.21871663900414934,8.62850622406639,2.7381662176277244,0.00048576763485475016,1.7497331120331947,0.004191449060794221
18/07,0.2192024066390041,8.619958506224066,2.7319324799398803,0.00048576763485475016,1.7536192531120327,0.00418729685611455
18/07,0.2196881742738589,8.611410788381741,2.7257270613645357,0.0004857676348548057,1.7575053941908712,0.004183144651435356
18/07,0.2201739419087137,8.602863070539419,2.7195497693636828,0.0004857676348548057,1.7613915352697096,0.004178992446755685
18/07,0.22065970954356845,8.594315352697095,2.713400413140521,0.00048576763485475016,1.7652776763485476,0.004174840242075536
18/07,0.22114547717842328,8.585767634854772,2.707278803620361,0.00048576763485483343,1.7691638174273863,0.004170688037396579
18/07,0.2216312448132781,8.577219917012448,2.7011847534306854,0.0004857676348548057,1.7730499585062247,0.004166535832716669
18/07,0.2221170124481328,8.568672199170125,2.6951180768823635,0.0004857676348547224,1.7769360995850625,0.004162383628036285
18/07,0.2226027800829876,8.560124481327799,2.689078589950755,0.0004857676348547779,1.7808222406639007,0.004158231423357087
18/07,0.2230885477178423,8.551576763485476,2.683066110256971,0.0004857676348547224,1.7847083817427385,0.004154079218676942
18/07,0.2235743153526971,8.543029045643154,2.6770804570496853,0.0004857676348547779,1.7885945228215767,0.004149927013997745
18/07,0.22406008298755187,8.534481327800831,2.6711214511868864,0.0004857676348547779,1.792480663900415,0.004145774809318075
18/07,0.22454585062240665,8.525933609958509,2.665188915118022,0.0004857676348547779,1.7963668049792532,0.004141622604638404
18/07,0.2250316182572614,8.517385892116183,2.6592826728664587,0.00048576763485475016,1.8002529460580912,0.004137470399958494
18/07,0.2255173858921161,8.508838174273857,2.6534025500119185,0.00048576763485469465,1.8041390871369287,0.0041333181952783495
18/07,0.2260031535269709,8.500290456431536,2.6475483736736027,0.0004857676348548057,1.8080252282157672,0.004129165990599624
18/07,0.2264889211618257,8.49174273858921,2.6417199724928953,0.0004857676348548057,1.8119113692946056,0.004125013785919951
18/07,0.2269746887966805,8.483195020746887,2.6359171766167977,0.0004857676348548057,1.815797510373444,0.00412086158124028
18/07,0.2274604564315353,8.474647302904565,2.6301398176815205,0.0004857676348548057,1.8196836514522825,0.004116709376560608
18/07,0.2279462240663901,8.46609958506224,2.624387728796096,0.0004857676348547779,1.8235697925311207,0.004112557171880701
18/07,0.2284319917012448,8.457551867219918,2.6186607445262133,0.0004857676348547224,1.8274559336099585,0.0041084049672005605
18/07,0.2289177593360996,8.449004149377593,2.612958700878698,0.0004857676348547779,1.8313420746887967,0.004104252762521359
18/07,0.22940352697095434,8.440456431535269,2.607281435285369,0.00048576763485475016,1.8352282157676347,0.0041001005578414525
18/07,0.2298892946058091,8.431908713692946,2.6016287865880505,0.00048576763485475016,1.8391143568464727,0.004095948353161781
19/07,0.2303750622406639,8.423360995850622,2.5960005950230514,0.0004857676348548057,1.8430004979253112,0.004091796148482577
19/07,0.23086082987551865,8.4148132780083,2.5903967022061547,0.00048576763485475016,1.8468866390041492,0.004087643943802439
19/07,0.23134659751037345,8.406265560165975,2.5848169511178964,0.0004857676348548057,1.8507727800829876,0.004083491739123234
19/07,0.2318323651452282,8.397717842323651,2.579261186088555,0.00048576763485475016,1.8546589211618256,0.004079339534443096
19/07,0.2323181327800829,8.389170124481328,2.573729252784185,0.00048576763485469465,1.8585450622406632,0.004075187329762959
19/07,0.23280390041493776,8.380622406639004,2.5682209981919835,0.0004857676348548612,1.862431203319502,0.004071035125084684
19/07,0.2332896680497925,8.37207468879668,2.562736270606125,0.00048576763485475016,1.86631734439834,0.004066882920404082
19/07,0.2337754356846473,8.363526970954357,2.5572749196141276,0.0004857676348547779,1.8702034854771783,0.004062730715724643
19/07,0.2342612033195021,8.354979253112033,2.5518367960828403,0.0004857676348548057,1.8740896265560167,0.004058578511045203
19/07,0.2347469709543568,8.34643153526971,2.546421752144923,0.00048576763485469465,1.8779757676348543,0.004054426306364605
19/07,0.2352327385892116,8.337883817427388,2.5410296411856326,0.0004857676348548057,1.8818619087136927,0.004050274101685861
19/07,0.2357185062240664,8.329336099585062,2.535660317829347,0.0004857676348548057,1.8857480497925312,0.004046121897006188
19/07,0.23620427385892115,8.320788381742739,2.530313637926529,0.00048576763485475016,1.8896341908713692,0.004041969692326054
19/07,0.23669004149377595,8.312240663900415,2.5249894585410715,0.0004857676348548057,1.8935203319502076,0.004037817487646844
19/07,0.2371758091286307,8.303692946058094,2.519687637937218,0.00048576763485475016,1.8974064730290456,0.004033665282966713
19/07,0.2376615767634855,8.295145228215768,2.5144080355672838,0.0004857676348548057,1.901292614107884,0.004029513078287501
19/07,0.23814734439834026,8.286597510373442,2.5091505120589996,0.00048576763485475016,1.905178755186722,0.004025360873607367
19/07,0.238633112033195,8.278049792531121,2.5039149292033214,0.00048576763485475016,1.90906489626556,0.004021208668927698
19/07,0.2391188796680498,8.269502074688798,2.4987011499425282,0.0004857676348547779,1.9129510373443983,0.004017056464248257
19/07,0.2396046473029045,8.260954356846474,2.4935090383578995,0.0004857676348547224,1.916837178423236,0.004012904259568126
19/07,0.2400904149377593,8.252406639004152,2.488338459658168,0.0004857676348547779,1.9207233195020743,0.004008752054888914
19/07,0.2405761825726141,8.243858921161825,2.4831892801678412,0.0004857676348548057,1.9246094605809128,0.00400459985020947
19/07,0.24106195020746884,8.235311203319501,2.4780613673153873,0.00048576763485475016,1.9284956016597508,0.004000447645529341
19/07,0.24154771784232365,8.226763485477179,2.4729545896223337,0.0004857676348548057,1.9323817427385892,0.003996295440850127
19/07,0.2420334854771784,8.218215767634852,2.467868816691654,0.00048576763485475016,1.9362678838174272,0.003992143236169998
19/07,0.2425192531120332,8.209668049792532,2.4628039191967988,0.0004857676348548057,1.9401540248962656,0.003987991031490783
19/07,0.24300502074688798,8.201120331950207,2.457759768870793,0.0004857676348547779,1.9440401659751039,0.003983838826810884
19/07,0.2434907883817427,8.192572614107885,2.4527362384952456,0.0004857676348547224,1.9479263070539417,0.003979686622130758
19/07,0.2439765560165975,8.184024896265559,2.44773320188989,0.0004857676348548057,1.95181244813278,0.003975534417451767
19/07,0.24446232365145226,8.175477178423236,2.4427505339017497,0.00048576763485475016,1.955698589211618,0.003971382212771641
19/07,0.24494809128630704,8.166929460580914,2.437788110394923,0.0004857676348547779,1.9595847302904563,0.0039672300080921975
19/07,0.24543385892116185,8.158381742738591,2.4328458082401694,0.0004857676348548057,1.9634708713692948,0.003963077803412753
19/07,0.2459196265560165,8.149834024896265,2.4279235053046078,0.0004857676348546669,1.967357012448132,0.003958925598731949
19/07,0.2464053941908713,8.141286307053942,2.423021080442056,0.0004857676348547779,1.9712431535269703,0.003954773394053182
19/07,0.2468911618257261,8.132738589211618,2.4181384134826622,0.0004857676348548057,1.9751292946058088,0.003950621189373737
19/07,0.2473769294605809,8.124190871369294,2.4132753852232236,0.0004857676348548057,1.9790154356846472,0.003946468984694065
19/07,0.2478626970954357,8.115643153526971,2.408431877417616,0.0004857676348548057,1.9829015767634857,0.003942316780014393
19/07,0.2483484647302905,8.107095435684647,2.4036077727670024,0.0004857676348548057,1.986787717842324,0.003938164575334721
19/07,0.2488342323651452,8.098547717842324,2.398802954910506,0.00048576763485469465,1.9906738589211617,0.003934012370654151
19/07,0.24931999999999999,8.09,2.3940173084159078,0.0004857676348547779,1.9945599999999999,0.003929860165975153
19/07,0.24931999999999999,8.1,2.190146492205991,0.0,1.9945599999999999,0.0
19/07,0.24931999999999999,8.09,1.9870858936421154,0.0,1.9945599999999999,0.0
19/07,0.24931999999999999,8.12,1.7848306923865076,0.0,1.9945599999999999,0.0
19/07,0.2522145454545455,8.111818181818181,2.7627347600649443,0.0028945454545455385,2.017716363636364,0.023480026446281672
19/07,0.2551090909090909,8.103636363636364,3.7367754992833735,0.002894545454545372,2.040872727272727,0.02345634380165222
19/07,0.2580036363636363,8.095454545454544,4.706975758729026,0.0028945454545454274,2.0640290909090906,0.02343266115702457
19/07,0.2608981818181818,8.087272727272726,5.673358207266599,0.002894545454545483,2.0871854545454545,0.02340897851239692
19/07,0.2637927272727273,8.079090909090908,6.6359453357036635,0.002894545454545483,2.1103418181818183,0.023385295867768822
20/07,0.2666872727272727,8.07090909090909,7.594759458535583,0.0028945454545454274,2.1334981818181817,0.023361613223140277
20/07,0.2695818181818181,8.062727272727273,8.549822715669798,0.002894545454545372,2.1566545454545447,0.02333793057851173
20/07,0.2724763636363636,8.054545454545455,9.501157074130129,0.0028945454545455385,2.179810909090909,0.023314247933884973
20/07,0.2753709090909091,8.046363636363635,10.448784329740546,0.002894545454545483,2.202967272727273,0.023290565289256424
20/07,0.2782654545454545,8.038181818181817,11.609760366378353,0.002894545454545372,2.226123636363636,0.023266882644627434
20/07,0.28115999999999997,8.03,12.770736403016203,0.002894545454545483,2.2492799999999997,0.023243200000000228
20/07,0.28405454545454545,8.021818181818183,13.931712439654053,0.002894545454545483,2.2724363636363636,0.023219517355372133
20/07,0.2869490909090909,8.013636363636364,13.771824853299464,0.0028945454545454274,2.295592727272727,0.023195834710743584
20/07,0.2898436363636364,8.005454545454544,13.615565533461638,0.0028945454545455385,2.3187490909090913,0.02317215206611637
20/07,0.2927381818181818,7.997272727272727,13.462812363462117,0.002894545454545372,2.3419054545454543,0.02314846942148694
20/07,0.2956327272727273,7.9890909090909075,13.313448645936443,0.0028945454545455385,2.3650618181818186,0.02312478677686017
20/07,0.29852727272727275,7.98090909090909,13.167362805508454,0.0028945454545454274,2.388218181818182,0.023101104132231185
20/07,0.3014218181818182,7.972727272727273,13.024448110827812,0.0028945454545454274,2.4113745454545454,0.02307742148760309
20/07,0.3043163636363636,7.964545454545454,12.88460241451408,0.0028945454545454274,2.434530909090909,0.02305373884297499
20/07,0.3072109090909091,7.956363636363636,12.74772790967691,0.002894545454545483,2.4576872727272727,0.023030056198347332
20/07,0.3101054545454546,7.948181818181817,12.613730901791964,0.002894545454545483,2.4808436363636366,0.02300637355371923
20/07,0.313,7.939999999999999,12.482521594814667,0.0028945454545454274,2.504,0.022982690909090688
20/07,0.31589454545454543,7.9318181818181825,12.354013890505566,0.0028945454545454274,2.5271563636363634,0.022959008264462597
20/07,0.3187890909090909,7.923636363636363,12.228125200025609,0.002894545454545483,2.5503127272727273,0.022935325619834933
20/07,0.3216836363636364,7.915454545454545,12.104776266933648,0.002894545454545483,2.573469090909091,0.022911642975206835
20/07,0.3245781818181818,7.907272727272727,11.983891000790381,0.0028945454545454274,2.5966254545454546,0.022887960330578296
20/07,0.32747272727272725,7.8990909090909085,11.865396320634014,0.0028945454545454274,2.619781818181818,0.022864277685950198
20/07,0.33036727272727273,7.8909090909090915,11.749222007650761,0.002894545454545483,2.642938181818182,0.02284059504132254
20/07,0.3332618181818182,7.882727272727273,11.635300566416952,0.002894545454545483,2.6660945454545457,0.02281691239669444
20/07,0.33615636363636364,7.874545454545454,11.523567094135668,0.0028945454545454274,2.689250909090909,0.0227932297520659
20/07,0.3390509090909091,7.866363636363636,11.413959157336295,0.002894545454545483,2.712407272727273,0.02276954710743824
20/07,0.3419454545454545,7.8581818181818175,11.306416675544174,0.002894545454545372,2.735563636363636,0.022745864462809268
20/07,0.34484000000000004,7.85,11.200881811465901,0.0028945454545455385,2.7587200000000003,0.022722181818182478
20/07,0.34773454545454546,7.841818181818183,11.097298867266915,0.0028945454545454274,2.7818763636363637,0.02269849917355351
20/07,0.3506290909090909,7.833636363636362,10.995614186552483,0.0028945454545454274,2.805032727272727,0.022674816528925404
20/07,0.3535236363636364,7.825454545454545,10.89577606168799,0.002894545454545483,2.828189090909091,0.022651133884297743
20/07,0.35641818181818186,7.817272727272727,10.797734646123235,0.002894545454545483,2.851345454545455,0.022627451239669645
20/07,0.3593127272727273,7.809090909090909,10.701441871407935,0.0028945454545454274,2.8745018181818183,0.02260376859504111
20/07,0.3622072727272727,7.800909090909091,10.606851368608083,0.0028945454545454274,2.8976581818181817,0.022580085950413012
20/07,0.3651018181818182,7.792727272727273,10.513918393853672,0.002894545454545483,2.9208145454545456,0.022556403305785348
20/07,0.3679963636363637,7.784545454545454,10.422599757766204,0.002894545454545483,2.9439709090909094,0.022532720661157246
20/07,0.3708909090909091,7.776363636363636,10.332853758532279,0.0028945454545454274,2.967127272727273,0.022509038016528714
20/07,0.3737854545454545,7.768181818181818,10.244640118405357,0.002894545454545372,2.990283636363636,0.022485355371900183
20/07,0.37668,7.76,10.157919923432779,0.0028945454545455385,3.01344,0.02246167272727338
20/07,0.3766800000000001,7.747777777777778,9.233267602366336,1.1102230246251565e-16,3.013440000000001,8.601761278568019e-16
20/07,0.37668,7.76,8.324008909617575,-1.1102230246251565e-16,3.01344,-8.615330671091215e-16
20/07,0.37668,7.6549999999999985,7.429762608506274,0.0,3.01344,0.0
20/07,0.37668,7.55,6.550159948158285,0.0,3.01344,0.0
20/07,0.3790868292682927,7.570731707317072,6.360126561016655,0.002406829268292665,3.0326946341463414,0.018221458655562028
20/07,0.3814936585365854,7.5914634146341475,6.173154909434153,0.0024068292682927206,3.051949268292683,0.018271356335514865
20/07,0.3839004878048781,7.61219512195122,5.989171590692921,0.0024068292682927206,3.071203902439025,0.018321254015467272
20/07,0.3863073170731707,7.6329268292682935,5.808105529836682,0.002406829268292554,3.0904585365853654,0.018371151695418413
20/07,0.38871414634146345,7.653658536585365,5.629887888123841,0.002406829268292776,3.1097131707317076,0.018421049375372513
21/07,0.3911209756097561,7.6743902439024385,5.4544519757663945,0.002406829268292665,3.128967804878049,0.018470947055324073
21/07,0.3935278048780488,7.695121951219512,5.281733168724334,0.002406829268292665,3.1482224390243903,0.018520844735276484
21/07,0.3959346341463415,7.7158536585365844,5.111668829335647,0.0024068292682927206,3.167477073170732,0.018570742415229317
21/07,0.39834146341463417,7.736585365853657,5.750627433002564,0.002406829268292665,3.1867317073170733,0.018620640095181298
21/07,0.4007482926829268,7.757317073170731,6.389586036669526,0.0024068292682926096,3.205986341463414,0.018670537775133278
21/07,0.4031551219512196,7.778048780487803,7.028544640336509,0.0024068292682928316,3.225240975609757,0.01872043545508741
21/07,0.4055619512195122,7.798780487804878,7.6675032440034485,0.0024068292682926096,3.2444956097560977,0.018770333135038095
21/07,0.40796878048780494,7.819512195121951,7.618822124540636,0.0024068292682927206,3.2637502439024395,0.01882023081499137
21/07,0.4103756097560976,7.840243902439022,7.570755259813167,0.002406829268292665,3.283004878048781,0.01887012849494334
21/07,0.4127824390243903,7.860975609756098,7.52329109677814,0.0024068292682927206,3.3022595121951226,0.01892002617489619
21/07,0.415189268292683,7.881707317073171,7.476418370310545,0.002406829268292665,3.321514146341464,0.018969923854848164
21/07,0.4175960975609757,7.902439024390246,7.430126094289635,0.0024068292682927206,3.3407687804878057,0.019019821534801015
21/07,0.4200029268292683,7.923170731707318,7.384403553014596,0.0024068292682926096,3.3600234146341466,0.019069719214752544
21/07,0.4224097560975609,7.9439024390243915,7.339240292934934,0.002406829268292554,3.379278048780487,0.01911961689470451
21/07,0.4248165853658537,7.964634146341464,7.294626114682634,0.0024068292682928316,3.3985326829268296,0.019169514574659128
21/07,0.4272234146341464,7.985365853658537,7.250551065393118,0.0024068292682927206,3.4177873170731714,0.01921941225461065
21/07,0.4296302439024391,8.00609756097561,7.207005431302926,0.002406829268292665,3.4370419512195127,0.019269309934562617
21/07,0.43203707317073176,8.026829268292682,7.1639797306126685,0.002406829268292665,3.456296585365854,0.019319207614515024
21/07,0.4344439024390244,8.047560975609754,7.121464706604019,0.002406829268292665,3.4755512195121954,0.01936910529446743
21/07,0.4368507317073171,8.06829268292683,7.079451321000163,0.002406829268292665,3.4948058536585367,0.019419002974419845
21/07,0.4392575609756098,8.089024390243901,7.037930747560228,0.0024068292682927206,3.5140604878048785,0.0194689006543727
21/07,0.4416643902439025,8.109756097560973,6.996894365897588,0.0024068292682927206,3.53331512195122,0.019518798334325106
21/07,0.4440712195121952,8.130487804878051,6.956333755513211,0.002406829268292665,3.5525697560975615,0.019568696014277076
21/07,0.4464780487804879,8.151219512195123,6.9162406900354245,0.0024068292682927206,3.5718243902439033,0.019618593694229934
21/07,0.4488848780487805,8.171951219512195,6.8766071316576305,0.0024068292682926096,3.591079024390244,0.019668491374181436
21/07,0.4512917073170733,8.192682926829269,6.837425225766269,0.002406829268292776,3.6103336585365864,0.01971838905413521
21/07,0.4536985365853659,8.213414634146341,6.798687295751171,0.0024068292682926096,3.6295882926829273,0.01976828673408625
21/07,0.4561053658536586,8.234146341463415,6.760385837991878,0.002406829268292665,3.6488429268292686,0.019818184414039115
21/07,0.4585121951219513,8.254878048780487,6.722513517011786,0.0024068292682927206,3.6680975609756103,0.01986808209399198
21/07,0.460919024390244,8.27560975609756,6.685063160794713,0.0024068292682927206,3.687352195121952,0.019917979773944394
21/07,0.4633258536585366,8.296341463414635,6.648027756256947,0.0024068292682926096,3.706606829268293,0.01996787745389588
21/07,0.4657326829268293,8.317073170731707,6.611400444869275,0.002406829268292665,3.7258614634146343,0.02001777513384875
21/07,0.468139512195122,8.33780487804878,6.575174518422444,0.0024068292682927206,3.745116097560976,0.02006767281380162
21/07,0.4705463414634147,8.358536585365853,6.539343414931542,0.002406829268292665,3.7643707317073174,0.020117570493753567
21/07,0.4729531707317074,8.379268292682925,6.503900714673327,0.0024068292682927206,3.783625365853659,0.02016746817370644
21/07,0.4753600000000001,8.4,6.468840136351717,0.0024068292682927206,3.802880000000001,0.020217365853658853
21/07,0.4753600000000001,8.36,5.897975905604591,0.0,3.802880000000001,0.0
21/07,0.4753600000000001,8.3,5.333200741935351,0.0,3.802880000000001,0.0
21/07,0.4753600000000001,8.19,4.77441773951115,0.0,3.802880000000001,0.0
21/07,0.4753600000000001,8.085,4.221532037954456,0.0,3.802880000000001,0.0
21/07,0.4753600000000001,8.04,3.674450768657911,0.0,3.802880000000001,0.0
21/07,0.4753600000000001,8.0,3.1330830027813006,0.0,3.802880000000001,0.0
