Date,Balance,Price
2021-07-04 20:00:00,0.17572000000000002,297.28
2021-07-04 20:30:00,0.17572000000000002,296.23
2021-07-04 21:00:00,0.17572000000000002,296.265
2021-07-04 21:30:00,0.17625,296.5575
2021-07-04 22:00:00,0.17678,297.48
2021-07-04 22:30:00,0.17677999999999994,297.02125
2021-07-04 23:00:00,0.17678,295.705
2021-07-04 23:30:00,0.17677999999999994,295.35
2021-07-05 00:00:00,0.17727,291.53666666666663
2021-07-05 00:30:00,0.17777,288.94
2021-07-05 01:00:00,0.17827,287.9766666666667
2021-07-05 01:30:00,0.17877,287.0133333333333
2021-07-05 02:00:00,0.17927,286.05
2021-07-05 02:30:00,0.1795257142857143,286.46285714285716
2021-07-05 03:00:00,0.1797814285714286,286.8757142857143
2021-07-05 03:30:00,0.18003714285714287,287.28857142857146
2021-07-05 04:00:00,0.18029285714285714,287.7014285714285
2021-07-05 04:30:00,0.18054857142857145,288.1142857142857
2021-07-05 05:00:00,0.18080428571428567,288.52714285714285
2021-07-05 05:30:00,0.18106,288.94
2021-07-05 06:00:00,0.181504,288.88
2021-07-05 06:30:00,0.181948,288.82
2021-07-05 07:00:00,0.182392,288.76
2021-07-05 07:30:00,0.182836,288.7
2021-07-05 08:00:00,0.18328,288.64
2021-07-05 08:30:00,0.18399,288.53
2021-07-05 09:00:00,0.18399000000000001,290.07
2021-07-05 09:30:00,0.184325,289.415
2021-07-05 10:00:00,0.18466,288.76
2021-07-05 10:30:00,0.184975,289.275
2021-07-05 11:00:00,0.18529,289.79
2021-07-05 11:30:00,0.18529,284.635
2021-07-05 12:00:00,0.18529,279.48
2021-07-05 12:30:00,0.18551111111111115,280.1022222222221
2021-07-05 13:00:00,0.18573222222222224,280.72444444444443
2021-07-05 13:30:00,0.18595333333333333,281.3466666666667
2021-07-05 14:00:00,0.18617444444444445,281.9688888888889
2021-07-05 14:30:00,0.1863955555555556,282.5911111111111
2021-07-05 15:00:00,0.18661666666666668,283.2133333333333
2021-07-05 15:30:00,0.1868377777777777,283.83555555555563
2021-07-05 16:00:00,0.18705888888888889,284.45777777777784
2021-07-05 16:30:00,0.18728,285.08
2021-07-05 17:00:00,0.187445,284.67
2021-07-05 17:30:00,0.18761,284.26
2021-07-05 18:00:00,0.18771666666666667,289.5733333333333
2021-07-05 18:30:00,0.18825,290.2366666666666
2021-07-05 19:00:00,0.18825,290.07
2021-07-05 19:30:00,0.18825,289.8
2021-07-05 20:00:00,0.18825,289.35714285714283
2021-07-05 20:30:00,0.18825,172.38600000000002
2021-07-05 21:00:00,0.18825,288.23142857142864
2021-07-05 21:30:00,0.18850714285714285,288.89714285714285
2021-07-05 22:00:00,0.18885,288.93
2021-07-05 22:30:00,0.18916,288.59
2021-07-05 23:00:00,0.18916,287.33
2021-07-05 23:30:00,0.18916,287.7
2021-07-06 00:00:00,0.18948666666666664,288.31666666666666
2021-07-06 00:30:00,0.18981333333333333,288.93333333333334
2021-07-06 01:00:00,0.19014,289.55
2021-07-06 01:30:00,0.19047,289.35
2021-07-06 02:00:00,0.190645,289.37
2021-07-06 02:30:00,0.19082,289.39
2021-07-06 03:00:00,0.190995,289.41
2021-07-06 03:30:00,0.19117,289.43
2021-07-06 04:00:00,0.19162,290.3475
2021-07-06 04:30:00,0.19207,291.265
2021-07-06 05:00:00,0.19252,292.1825
2021-07-06 05:30:00,0.19297,293.1
2021-07-06 06:00:00,0.19336,292.85
2021-07-06 06:30:00,0.193524,292.973
2021-07-06 07:00:00,0.193688,293.096
2021-07-06 07:30:00,0.193852,293.21900000000005
2021-07-06 08:00:00,0.194016,293.3420000000001
2021-07-06 08:30:00,0.19418,293.4650000000001
2021-07-06 09:00:00,0.1944025,290.71875
2021-07-06 09:30:00,0.194625,287.9725
2021-07-06 10:00:00,0.1948475,285.22625000000005
2021-07-06 10:30:00,0.19507,282.48
2021-07-06 11:00:00,0.19556,282.47
2021-07-06 11:30:00,0.19607,284.29
2021-07-06 12:00:00,0.19607,288.2
2021-07-06 12:30:00,0.19655,286.94
2021-07-06 13:00:00,0.19655,287.05
2021-07-06 13:30:00,0.19704000000000002,286.21
2021-07-06 14:00:00,0.19704,286.29
2021-07-06 14:30:00,0.19704,286.37
2021-07-06 15:00:00,0.19752,284.91
2021-07-06 15:30:00,0.19752,284.61
2021-07-06 16:00:00,0.19801,285.36
2021-07-06 16:30:00,0.19801,282.48
2021-07-06 17:00:00,0.19855875,282.65125
2021-07-06 17:30:00,0.1991075,282.8225
2021-07-06 18:00:00,0.19956600000000002,280.97
2021-07-06 18:30:00,0.200195,279.63166666666666
2021-07-06 19:00:00,0.2005625000000001,279.09000000000003
2021-07-06 19:30:00,0.20093,279.49
2021-07-06 20:00:00,0.20143,279.8311111111111
2021-07-06 20:30:00,0.20143,279.73
2021-07-06 21:00:00,0.20143,279.525
2021-07-06 21:30:00,0.20167,278.6325
2021-07-06 22:00:00,0.20190999999999998,278.73187499999995
2021-07-06 22:30:00,0.20239000000000001,283.51
2021-07-06 23:00:00,0.202578,283.32599999999996
2021-07-06 23:30:00,0.202766,283.142
2021-07-07 00:00:00,0.202954,282.95799999999997
2021-07-07 00:30:00,0.203142,282.774
2021-07-07 01:00:00,0.20357,282.405
2021-07-07 01:30:00,0.20369,282.61749999999995
2021-07-07 02:00:00,0.20381,282.83
2021-07-07 02:30:00,0.20438499999999998,283.129
2021-07-07 03:00:00,0.20496,283.428
2021-07-07 03:30:00,0.205535,283.7270000000001
2021-07-07 04:00:00,0.20611,284.026
2021-07-07 04:30:00,0.206685,284.325
2021-07-07 05:00:00,0.20726,284.624
2021-07-07 05:30:00,0.207835,284.923
2021-07-07 06:00:00,0.20840999999999998,285.222
2021-07-07 06:30:00,0.208985,285.521
2021-07-07 07:00:00,0.20956,285.82
2021-07-07 07:30:00,0.20956,285.85
2021-07-07 08:00:00,0.20956,283.04
2021-07-07 08:30:00,0.21003,283.225
2021-07-07 09:00:00,0.2105,283.41
2021-07-07 09:30:00,0.210735,283.19500000000005
2021-07-07 10:00:00,0.21097,282.98
2021-07-07 10:30:00,0.21097,282.815
2021-07-07 11:00:00,0.21097,282.65
2021-07-07 11:30:00,0.2112,283.57
2021-07-07 12:00:00,0.21143,283.4295
2021-07-07 12:30:00,0.21143,283.29
2021-07-07 13:00:00,0.21143,282.985
2021-07-07 13:30:00,0.21143,282.78333333333336
2021-07-07 14:00:00,0.21143,282.58166666666665
2021-07-07 14:30:00,0.21229484375,280.41015625
2021-07-07 15:00:00,0.21233000000000002,280.558125
2021-07-07 15:30:00,0.21255500000000002,280.4240625
2021-07-07 16:00:00,0.213,281.3
2021-07-07 16:30:00,0.21322333333333326,282.2633333333333
2021-07-07 17:00:00,0.21344666666666667,283.2266666666667
2021-07-07 17:30:00,0.21366999999999997,284.19
2021-07-07 18:00:00,0.21367,283.8
2021-07-07 18:30:00,0.21367,283.41
2021-07-07 19:00:00,0.21455,282.98
2021-07-07 19:30:00,0.21477,282.56
2021-07-07 20:00:00,0.21499,281.905
2021-07-07 20:30:00,0.21499,281.34000000000003
2021-07-07 21:00:00,0.21499,281.11
2021-07-07 21:30:00,0.21499,280.89
2021-07-07 22:00:00,0.21499,280.685
2021-07-07 22:30:00,0.21589,280.65
2021-07-07 23:00:00,0.21616315789473686,280.7915789473684
2021-07-07 23:30:00,0.2164363157894737,280.93315789473684
2021-07-08 00:00:00,0.21670947368421054,281.07473684210527
2021-07-08 00:30:00,0.2169826315789473,281.2163157894736
2021-07-08 01:00:00,0.2172557894736842,281.35789473684207
2021-07-08 01:30:00,0.21752894736842107,281.4994736842105
2021-07-08 02:00:00,0.2178021052631579,281.64105263157893
2021-07-08 02:30:00,0.21807526315789474,281.78263157894736
2021-07-08 03:00:00,0.2183484210526316,281.9242105263158
2021-07-08 03:30:00,0.21862157894736844,282.0657894736842
2021-07-08 04:00:00,0.21889473684210528,282.20736842105265
2021-07-08 04:30:00,0.21916789473684206,282.34894736842097
2021-07-08 05:00:00,0.21944105263157893,282.49052631578945
2021-07-08 05:30:00,0.21971421052631585,282.6321052631579
2021-07-08 06:00:00,0.21998736842105265,282.7736842105263
2021-07-08 06:30:00,0.2202605263157895,282.9152631578947
2021-07-08 07:00:00,0.22053368421052635,283.0568421052631
2021-07-08 07:30:00,0.2208068421052632,283.19842105263155
2021-07-08 08:00:00,0.22108000000000005,283.505
2021-07-08 08:30:00,0.22153,280.745
2021-07-08 09:00:00,0.221755,281.7100000000001
2021-07-08 09:30:00,0.22228666666666666,282.3900000000001
2021-07-08 10:00:00,0.2228183333333333,283.07000000000005
2021-07-08 10:30:00,0.22335,283.75
2021-07-08 11:00:00,0.22335,284.57
2021-07-08 11:30:00,0.223575,285.01
2021-07-08 12:00:00,0.2238,285.45
2021-07-08 12:30:00,0.22423,285.05
2021-07-08 13:00:00,0.22466,283.26
2021-07-08 13:30:00,0.22466,281.46
2021-07-08 14:00:00,0.22466,282.325
2021-07-08 14:30:00,0.22466,283.19
2021-07-08 15:00:00,0.22495666666666667,283.21666666666664
2021-07-08 15:30:00,0.2252533333333333,283.24333333333334
2021-07-08 16:00:00,0.22555,283.27
2021-07-08 16:30:00,0.22555,284.42
2021-07-08 17:00:00,0.22555,286.68
2021-07-08 17:30:00,0.22555,287.39
2021-07-08 18:00:00,0.22555,285.405
2021-07-08 18:30:00,0.22555,284.54
2021-07-08 19:00:00,0.22555,283.99
2021-07-08 19:30:00,0.22602,282.66
2021-07-08 20:00:00,0.22602,282.43
2021-07-08 20:30:00,0.22602,281.7
2021-07-08 21:00:00,0.22602,281.265
2021-07-08 21:30:00,0.22602,280.83
2021-07-08 22:00:00,0.2263795,280.47
2021-07-08 22:30:00,0.226739,280.11
2021-07-08 23:00:00,0.2270985,279.75
2021-07-08 23:30:00,0.227458,279.39
2021-07-09 00:00:00,0.2278175,279.03
2021-07-09 00:30:00,0.228177,278.67
2021-07-09 01:00:00,0.2285365,278.31
2021-07-09 01:30:00,0.22889600000000002,277.95
2021-07-09 02:00:00,0.2292555,277.59
2021-07-09 02:30:00,0.229615,277.23
2021-07-09 03:00:00,0.2299745,276.87
2021-07-09 03:30:00,0.230334,276.51
2021-07-09 04:00:00,0.2306935,276.15
2021-07-09 04:30:00,0.231053,275.79
2021-07-09 05:00:00,0.2314125,275.43
2021-07-09 05:30:00,0.23177199999999998,275.07
2021-07-09 06:00:00,0.23213150000000002,274.71
2021-07-09 06:30:00,0.23249099999999998,274.35
2021-07-09 07:00:00,0.23285050000000002,273.99
2021-07-09 07:30:00,0.23321,273.2575
2021-07-09 08:00:00,0.23386,271.8883333333333
2021-07-09 08:30:00,0.23451,270.51916666666665
2021-07-09 09:00:00,0.23516,269.15
2021-07-09 09:30:00,0.23565,270.87
2021-07-09 10:00:00,0.23565,269.995
2021-07-09 10:30:00,0.23565,269.12
2021-07-09 11:00:00,0.23631,268.97
2021-07-09 11:30:00,0.23697,268.82
2021-07-09 12:00:00,0.23788,268.67
2021-07-09 12:30:00,0.23848000000000005,270.48
2021-07-09 13:00:00,0.23908,272.29
2021-07-09 13:30:00,0.2396800000000001,274.1
2021-07-09 14:00:00,0.2400183333333334,274.4266666666667
2021-07-09 14:30:00,0.2403566666666667,274.75333333333333
2021-07-09 15:00:00,0.24069500000000005,275.08000000000004
2021-07-09 15:30:00,0.2410333333333333,275.4066666666667
2021-07-09 16:00:00,0.24137166666666665,275.73333333333335
2021-07-09 16:30:00,0.24171,276.94625
2021-07-09 17:00:00,0.24171,276.54
2021-07-09 17:30:00,0.24196,276.44
2021-07-09 18:00:00,0.24221,276.15625
2021-07-09 18:30:00,0.24221,276.08
2021-07-09 19:00:00,0.24221,275.96
2021-07-09 19:30:00,0.24246,274.875
2021-07-09 20:00:00,0.24271,273.79
2021-07-09 20:30:00,0.2429972972972973,273.65194594594595
2021-07-09 21:00:00,0.2432845945945946,273.5138918918919
2021-07-09 21:30:00,0.2435718918918919,273.3758378378379
2021-07-09 22:00:00,0.2438591891891892,273.2377837837838
2021-07-09 22:30:00,0.2441464864864865,273.09972972972975
2021-07-09 23:00:00,0.2444337837837837,272.9616756756757
2021-07-09 23:30:00,0.2447210810810811,272.8236216216216
2021-07-10 00:00:00,0.2450083783783784,272.6855675675676
2021-07-10 00:30:00,0.2452956756756757,272.5475135135136
2021-07-10 01:00:00,0.24558297297297296,272.40945945945947
2021-07-10 01:30:00,0.24587027027027025,272.2714054054054
2021-07-10 02:00:00,0.2461575675675676,272.13335135135134
2021-07-10 02:30:00,0.2464448648648649,271.99529729729727
2021-07-10 03:00:00,0.2467321621621621,271.8572432432433
2021-07-10 03:30:00,0.24701945945945944,271.7191891891892
2021-07-10 04:00:00,0.2473067567567568,271.58113513513507
2021-07-10 04:30:00,0.24759405405405405,271.44308108108106
2021-07-10 05:00:00,0.2478813513513513,271.305027027027
2021-07-10 05:30:00,0.24816864864864865,271.166972972973
2021-07-10 06:00:00,0.24845594594594594,271.0289189189189
2021-07-10 06:30:00,0.2487432432432433,270.89086486486485
2021-07-10 07:00:00,0.2490305405405405,270.7528108108108
2021-07-10 07:30:00,0.24931783783783784,270.6147567567567
2021-07-10 08:00:00,0.2496051351351352,270.47670270270265
2021-07-10 08:30:00,0.2498924324324324,270.33864864864864
2021-07-10 09:00:00,0.2501797297297297,270.20059459459463
2021-07-10 09:30:00,0.25046702702702706,270.0625405405405
2021-07-10 10:00:00,0.2507543243243243,269.92448648648644
2021-07-10 10:30:00,0.25104162162162164,269.7864324324324
2021-07-10 11:00:00,0.2513289189189189,269.6483783783784
2021-07-10 11:30:00,0.2516162162162162,269.5103243243243
2021-07-10 12:00:00,0.25190351351351353,269.37227027027023
2021-07-10 12:30:00,0.2521908108108108,269.23421621621617
2021-07-10 13:00:00,0.2524781081081081,269.0961621621621
2021-07-10 13:30:00,0.25276540540540543,268.9581081081081
2021-07-10 14:00:00,0.2530527027027027,268.82005405405397
2021-07-10 14:30:00,0.25334,268.87800000000004
2021-07-10 15:00:00,0.25369549019607845,268.7645098039216
2021-07-10 15:30:00,0.25405098039215684,268.6510196078432
2021-07-10 16:00:00,0.2544064705882353,268.53752941176475
2021-07-10 16:30:00,0.2547619607843137,268.4240392156863
2021-07-10 17:00:00,0.2551174509803922,268.3105490196079
2021-07-10 17:30:00,0.25547294117647057,268.19705882352946
2021-07-10 18:00:00,0.25582843137254896,268.08356862745103
2021-07-10 18:30:00,0.25618392156862746,267.9700784313726
2021-07-10 19:00:00,0.2565394117647059,267.85658823529417
2021-07-10 19:30:00,0.2568949019607843,267.74309803921574
2021-07-10 20:00:00,0.25725039215686274,267.6296078431373
2021-07-10 20:30:00,0.2576058823529412,267.51611764705893
2021-07-10 21:00:00,0.25796137254901963,267.4026274509804
2021-07-10 21:30:00,0.258316862745098,267.289137254902
2021-07-10 22:00:00,0.2586723529411765,267.17564705882353
2021-07-10 22:30:00,0.2590278431372549,267.0621568627451
2021-07-10 23:00:00,0.2593833333333333,266.94866666666667
2021-07-10 23:30:00,0.2597388235294117,266.83517647058824
2021-07-11 00:00:00,0.2600943137254902,266.7216862745098
2021-07-11 00:30:00,0.26044980392156863,266.6081960784314
2021-07-11 01:00:00,0.2608052941176471,266.4947058823529
2021-07-11 01:30:00,0.2611607843137255,266.3812156862745
2021-07-11 02:00:00,0.2615162745098039,266.2677254901961
2021-07-11 02:30:00,0.2618717647058824,266.1542352941176
2021-07-11 03:00:00,0.2622272549019608,266.04074509803917
2021-07-11 03:30:00,0.2625827450980392,265.92725490196085
2021-07-11 04:00:00,0.26293823529411764,265.8137647058824
2021-07-11 04:30:00,0.2632937254901961,265.700274509804
2021-07-11 05:00:00,0.2636492156862745,265.5867843137255
2021-07-11 05:30:00,0.2640047058823529,265.4732941176471
2021-07-11 06:00:00,0.26436019607843136,265.35980392156864
2021-07-11 06:30:00,0.2647156862745098,265.2463137254902
2021-07-11 07:00:00,0.26507117647058825,265.13282352941184
2021-07-11 07:30:00,0.26542666666666664,265.0193333333333
2021-07-11 08:00:00,0.2657821568627451,264.9058431372549
2021-07-11 08:30:00,0.26613764705882353,264.7923529411765
2021-07-11 09:00:00,0.266493137254902,264.67886274509806
2021-07-11 09:30:00,0.2668486274509804,264.56537254901957
2021-07-11 10:00:00,0.2672041176470588,264.4518823529412
2021-07-11 10:30:00,0.2675596078431373,264.33839215686265
2021-07-11 11:00:00,0.2679150980392157,264.2249019607843
2021-07-11 11:30:00,0.2682705882352941,264.11141176470585
2021-07-11 12:00:00,0.2686260784313725,263.9979215686274
2021-07-11 12:30:00,0.26898156862745104,263.88443137254905
2021-07-11 13:00:00,0.26933705882352943,263.77094117647056
2021-07-11 13:30:00,0.2696925490196078,263.6574509803921
2021-07-11 14:00:00,0.27004803921568626,263.5439607843137
2021-07-11 14:30:00,0.2704035294117647,263.43047058823527
2021-07-11 15:00:00,0.2707590196078431,263.31698039215684
2021-07-11 15:30:00,0.27111450980392154,263.2034901960784
2021-07-11 16:00:00,0.27147,263.09
2021-07-11 16:30:00,0.27195,262.42
2021-07-11 17:00:00,0.27243,261.75
2021-07-11 17:30:00,0.2727466666666667,261.25333333333333
2021-07-11 18:00:00,0.2730633333333333,260.75666666666666
2021-07-11 18:30:00,0.27338,260.26
2021-07-11 19:00:00,0.2741228571428572,260.58
2021-07-11 19:30:00,0.2748657142857143,260.9
2021-07-11 20:00:00,0.2756085714285714,261.22
2021-07-11 20:30:00,0.2763514285714286,261.54
2021-07-11 21:00:00,0.2770942857142857,261.86
2021-07-11 21:30:00,0.27783714285714284,262.18
2021-07-11 22:00:00,0.27858,262.5
2021-07-11 22:30:00,0.27882215189873416,262.1472151898734
2021-07-11 23:00:00,0.2790643037974683,261.7944303797468
2021-07-11 23:30:00,0.2793064556962025,261.44164556962033
2021-07-12 00:00:00,0.2795486075949367,261.0888607594937
2021-07-12 00:30:00,0.2797907594936709,260.7360759493671
2021-07-12 01:00:00,0.28003291139240505,260.3832911392405
2021-07-12 01:30:00,0.2802750632911392,260.0305063291139
2021-07-12 02:00:00,0.28051721518987344,259.67772151898737
2021-07-12 02:30:00,0.2807593670886076,259.32493670886083
2021-07-12 03:00:00,0.28100151898734177,258.9721518987342
2021-07-12 03:30:00,0.28124367088607594,258.6193670886076
2021-07-12 04:00:00,0.2814858227848101,258.266582278481
2021-07-12 04:30:00,0.2817279746835443,257.9137974683544
2021-07-12 05:00:00,0.2819701265822785,257.56101265822787
2021-07-12 05:30:00,0.28221227848101266,257.20822784810133
2021-07-12 06:00:00,0.2824544303797468,256.8554430379747
2021-07-12 06:30:00,0.282696582278481,256.5026582278481
2021-07-12 07:00:00,0.2829387341772152,256.1498734177215
2021-07-12 07:30:00,0.2831808860759494,255.7970886075949
2021-07-12 08:00:00,0.28342303797468354,255.44430379746842
2021-07-12 08:30:00,0.2836651898734177,255.09151898734177
2021-07-12 09:00:00,0.2839073417721519,254.7387341772152
2021-07-12 09:30:00,0.28414949367088604,254.38594936708856
2021-07-12 10:00:00,0.2843916455696203,254.03316455696202
2021-07-12 10:30:00,0.28463379746835443,253.68037974683543
2021-07-12 11:00:00,0.2848759493670886,253.32759493670886
2021-07-12 11:30:00,0.2851181012658228,252.9748101265823
2021-07-12 12:00:00,0.2853602531645569,252.62202531645568
2021-07-12 12:30:00,0.28560240506329115,252.26924050632908
2021-07-12 13:00:00,0.2858445569620253,251.91645569620246
2021-07-12 13:30:00,0.2860867088607595,251.563670886076
2021-07-12 14:00:00,0.28632886075949365,251.21088607594936
2021-07-12 14:30:00,0.2865710126582278,250.85810126582282
2021-07-12 15:00:00,0.286813164556962,250.50531645569612
2021-07-12 15:30:00,0.2870553164556962,250.1525316455696
2021-07-12 16:00:00,0.2872974683544304,249.79974683544305
2021-07-12 16:30:00,0.2875396202531645,249.4469620253164
2021-07-12 17:00:00,0.2877817721518987,249.09417721518986
2021-07-12 17:30:00,0.2880239240506329,248.74139240506332
2021-07-12 18:00:00,0.2882660759493671,248.38860759493667
2021-07-12 18:30:00,0.2885082278481013,248.03582278481014
2021-07-12 19:00:00,0.28875037974683543,247.6830379746836
2021-07-12 19:30:00,0.2889925316455696,247.33025316455692
2021-07-12 20:00:00,0.28923468354430376,246.97746835443039
2021-07-12 20:30:00,0.289476835443038,246.62468354430385
2021-07-12 21:00:00,0.2897189873417721,246.27189873417717
2021-07-12 21:30:00,0.2899611392405063,245.91911392405063
2021-07-12 22:00:00,0.2902032911392405,245.56632911392398
2021-07-12 22:30:00,0.29044544303797465,245.21354430379745
2021-07-12 23:00:00,0.2906875949367088,244.86075949367088
2021-07-12 23:30:00,0.29092974683544304,244.50797468354432
2021-07-13 00:00:00,0.2911718987341772,244.1551898734177
2021-07-13 00:30:00,0.29141405063291137,243.80240506329122
2021-07-13 01:00:00,0.29165620253164554,243.44962025316448
2021-07-13 01:30:00,0.2918983544303797,243.09683544303797
2021-07-13 02:00:00,0.2921405063291139,242.74405063291138
2021-07-13 02:30:00,0.2923826582278481,242.39126582278482
2021-07-13 03:00:00,0.29262481012658226,242.03848101265822
2021-07-13 03:30:00,0.2928669620253164,241.68569620253163
2021-07-13 04:00:00,0.2931091139240506,241.3329113924051
2021-07-13 04:30:00,0.2933512658227848,240.98012658227847
2021-07-13 05:00:00,0.293593417721519,240.6273417721519
2021-07-13 05:30:00,0.29383556962025315,240.2745569620253
2021-07-13 06:00:00,0.2940777215189873,239.92177215189872
2021-07-13 06:30:00,0.2943198734177215,239.56898734177216
2021-07-13 07:00:00,0.2945620253164557,239.2162025316456
2021-07-13 07:30:00,0.2948041772151899,238.86341772151897
2021-07-13 08:00:00,0.29504632911392403,238.5106329113924
2021-07-13 08:30:00,0.2952884810126582,238.15784810126584
2021-07-13 09:00:00,0.2955306329113924,237.8050632911392
2021-07-13 09:30:00,0.2957727848101266,237.4522784810126
2021-07-13 10:00:00,0.29601493670886075,237.0994936708861
2021-07-13 10:30:00,0.2962570886075949,236.7467088607595
2021-07-13 11:00:00,0.2964992405063291,236.3939240506329
2021-07-13 11:30:00,0.29674139240506325,236.0411392405063
2021-07-13 12:00:00,0.2969835443037974,235.6883544303797
2021-07-13 12:30:00,0.29722569620253164,235.33556962025315
2021-07-13 13:00:00,0.2974678481012658,234.98278481012662
2021-07-13 13:30:00,0.29771,234.63
2021-07-13 14:00:00,0.29813,235.86
2021-07-13 14:30:00,0.29854,235.81666666666663
2021-07-13 15:00:00,0.29895,235.7733333333333
2021-07-13 15:30:00,0.29936,235.73
2021-07-13 16:00:00,0.29972615384615386,235.64442307692303
2021-07-13 16:30:00,0.3000923076923077,235.55884615384613
2021-07-13 17:00:00,0.3004584615384616,235.47326923076923
2021-07-13 17:30:00,0.3008246153846154,235.3876923076923
2021-07-13 18:00:00,0.3011907692307693,235.30211538461538
2021-07-13 18:30:00,0.3015569230769231,235.2165384615384
2021-07-13 19:00:00,0.30192307692307696,235.13096153846152
2021-07-13 19:30:00,0.3022892307692308,235.04538461538465
2021-07-13 20:00:00,0.3026553846153846,234.9598076923077
2021-07-13 20:30:00,0.30302153846153845,234.8742307692308
2021-07-13 21:00:00,0.3033876923076923,234.78865384615384
2021-07-13 21:30:00,0.3037538461538461,234.7030769230769
2021-07-13 22:00:00,0.30412,234.6175
2021-07-13 22:30:00,0.30448615384615385,234.5319230769231
2021-07-13 23:00:00,0.3048523076923077,234.4463461538461
2021-07-13 23:30:00,0.30521846153846155,234.3607692307692
2021-07-14 00:00:00,0.3055846153846154,234.2751923076923
2021-07-14 00:30:00,0.30595076923076925,234.18961538461537
2021-07-14 01:00:00,0.3063169230769231,234.10403846153847
2021-07-14 01:30:00,0.3066830769230769,234.01846153846162
2021-07-14 02:00:00,0.3070492307692308,233.9328846153846
2021-07-14 02:30:00,0.30741538461538465,233.8473076923077
2021-07-14 03:00:00,0.3077815384615385,233.7617307692308
2021-07-14 03:30:00,0.30814769230769234,233.67615384615382
2021-07-14 04:00:00,0.3085138461538462,233.59057692307687
2021-07-14 04:30:00,0.30888000000000004,233.505
2021-07-14 05:00:00,0.30924615384615384,233.4194230769231
2021-07-14 05:30:00,0.3096123076923077,233.33384615384614
2021-07-14 06:00:00,0.30997846153846154,233.24826923076924
2021-07-14 06:30:00,0.3103446153846154,233.1626923076923
2021-07-14 07:00:00,0.31071076923076923,233.07711538461533
2021-07-14 07:30:00,0.3110769230769231,232.99153846153843
2021-07-14 08:00:00,0.3114430769230769,232.9059615384616
2021-07-14 08:30:00,0.3118092307692308,232.82038461538463
2021-07-14 09:00:00,0.31217538461538463,232.7348076923077
2021-07-14 09:30:00,0.3125415384615385,232.6492307692308
2021-07-14 10:00:00,0.31290769230769233,232.56365384615384
2021-07-14 10:30:00,0.3132738461538462,232.47807692307686
2021-07-14 11:00:00,0.31364000000000003,232.3925
2021-07-14 11:30:00,0.3140061538461539,232.3069230769231
2021-07-14 12:00:00,0.3143723076923077,232.22134615384616
2021-07-14 12:30:00,0.3147384615384616,232.13576923076923
2021-07-14 13:00:00,0.3151046153846154,232.0501923076923
2021-07-14 13:30:00,0.3154707692307692,231.96461538461537
2021-07-14 14:00:00,0.3158369230769231,231.87903846153847
2021-07-14 14:30:00,0.3162030769230769,231.7934615384616
2021-07-14 15:00:00,0.3165692307692308,231.7078846153846
2021-07-14 15:30:00,0.3169353846153846,231.62230769230771
2021-07-14 16:00:00,0.3173015384615385,231.53673076923081
2021-07-14 16:30:00,0.3176676923076923,231.45115384615383
2021-07-14 17:00:00,0.31803384615384617,231.3655769230769
2021-07-14 17:30:00,0.31873,231.3925
2021-07-14 18:00:00,0.3190666666666667,231.18166666666667
2021-07-14 18:30:00,0.3194033333333334,230.97083333333333
2021-07-14 19:00:00,0.31974,230.76
2021-07-14 19:30:00,0.32006535269709546,230.5514937759336
2021-07-14 20:00:00,0.3203907053941909,230.34298755186717
2021-07-14 20:30:00,0.32071605809128634,230.1344813278008
2021-07-14 21:00:00,0.3210414107883818,229.92597510373443
2021-07-14 21:30:00,0.3213667634854772,229.71746887966805
2021-07-14 22:00:00,0.32169211618257265,229.5089626556017
2021-07-14 22:30:00,0.3220174688796681,229.30045643153525
2021-07-14 23:00:00,0.3223428215767635,229.09195020746887
2021-07-14 23:30:00,0.32266817427385897,228.8834439834025
2021-07-15 00:00:00,0.3229935269709544,228.6749377593361
2021-07-15 00:30:00,0.32331887966804984,228.4664315352697
2021-07-15 01:00:00,0.3236442323651453,228.2579253112033
2021-07-15 01:30:00,0.32396958506224066,228.04941908713693
2021-07-15 02:00:00,0.3242949377593361,227.84091286307046
2021-07-15 02:30:00,0.32462029045643154,227.63240663900413
2021-07-15 03:00:00,0.324945643153527,227.42390041493772
2021-07-15 03:30:00,0.3252709958506224,227.2153941908714
2021-07-15 04:00:00,0.32559634854771785,227.0068879668049
2021-07-15 04:30:00,0.3259217012448133,226.79838174273857
2021-07-15 05:00:00,0.3262470539419087,226.5898755186722
2021-07-15 05:30:00,0.32657240663900416,226.38136929460583
2021-07-15 06:00:00,0.3268977593360996,226.17286307053945
2021-07-15 06:30:00,0.32722311203319504,225.964356846473
2021-07-15 07:00:00,0.3275484647302905,225.75585062240663
2021-07-15 07:30:00,0.3278738174273859,225.54734439834027
2021-07-15 08:00:00,0.3281991701244813,225.33883817427383
2021-07-15 08:30:00,0.3285245228215768,225.13033195020745
2021-07-15 09:00:00,0.32884987551867223,224.9218257261411
2021-07-15 09:30:00,0.3291752282157677,224.7133195020747
2021-07-15 10:00:00,0.3295005809128631,224.5048132780083
2021-07-15 10:30:00,0.3298259336099585,224.29630705394192
2021-07-15 11:00:00,0.3301512863070539,224.08780082987545
2021-07-15 11:30:00,0.3304766390041494,223.87929460580912
2021-07-15 12:00:00,0.3308019917012449,223.67078838174274
2021-07-15 12:30:00,0.3311273443983403,223.46228215767638
2021-07-15 13:00:00,0.3314526970954357,223.25377593361
2021-07-15 13:30:00,0.3317780497925311,223.04526970954362
2021-07-15 14:00:00,0.3321034024896265,222.83676348547718
2021-07-15 14:30:00,0.332428755186722,222.62825726141082
2021-07-15 15:00:00,0.33275410788381743,222.4197510373444
2021-07-15 15:30:00,0.3330794605809129,222.211244813278
2021-07-15 16:00:00,0.3334048132780083,222.0027385892116
2021-07-15 16:30:00,0.3337301659751037,221.79423236514518
2021-07-15 17:00:00,0.3340555186721992,221.5857261410788
2021-07-15 17:30:00,0.3343808713692946,221.37721991701244
2021-07-15 18:00:00,0.3347062240663901,221.16871369294608
2021-07-15 18:30:00,0.3350315767634855,220.9602074688797
2021-07-15 19:00:00,0.3353569294605809,220.75170124481326
2021-07-15 19:30:00,0.3356822821576764,220.54319502074688
2021-07-15 20:00:00,0.3360076348547718,220.3346887966805
2021-07-15 20:30:00,0.33633298755186725,220.12618257261408
2021-07-15 21:00:00,0.3366583402489627,219.91767634854767
2021-07-15 21:30:00,0.3369836929460581,219.7091701244813
2021-07-15 22:00:00,0.3373090456431536,219.50066390041493
2021-07-15 22:30:00,0.337634398340249,219.29215767634847
2021-07-15 23:00:00,0.33795975103734444,219.08365145228214
2021-07-15 23:30:00,0.3382851037344399,218.87514522821576
2021-07-16 00:00:00,0.3386104564315353,218.66663900414937
2021-07-16 00:30:00,0.33893580912863075,218.45813278008305
2021-07-16 01:00:00,0.3392611618257262,218.24962655601658
2021-07-16 01:30:00,0.3395865145228216,218.0411203319502
2021-07-16 02:00:00,0.339911867219917,217.83261410788376
2021-07-16 02:30:00,0.34023721991701245,217.62410788381743
2021-07-16 03:00:00,0.3405625726141079,217.41560165975102
2021-07-16 03:30:00,0.3408879253112033,217.20709543568464
2021-07-16 04:00:00,0.3412132780082988,216.99858921161822
2021-07-16 04:30:00,0.3415386307053942,216.79008298755187
2021-07-16 05:00:00,0.34186398340248964,216.58157676348546
2021-07-16 05:30:00,0.3421893360995851,216.3730705394191
2021-07-16 06:00:00,0.3425146887966805,216.16456431535264
2021-07-16 06:30:00,0.34284004149377595,215.9560580912863
2021-07-16 07:00:00,0.3431653941908714,215.74755186721995
2021-07-16 07:30:00,0.3434907468879668,215.5390456431536
2021-07-16 08:00:00,0.34381609958506226,215.33053941908713
2021-07-16 08:30:00,0.3441414522821577,215.12203319502075
2021-07-16 09:00:00,0.34446680497925314,214.9135269709544
2021-07-16 09:30:00,0.3447921576763486,214.705020746888
2021-07-16 10:00:00,0.34511751037344396,214.49651452282157
2021-07-16 10:30:00,0.34544286307053945,214.2880082987552
2021-07-16 11:00:00,0.3457682157676349,214.0795020746888
2021-07-16 11:30:00,0.34609356846473033,213.8709958506224
2021-07-16 12:00:00,0.34641892116182577,213.662489626556
2021-07-16 12:30:00,0.3467442738589212,213.45398340248963
2021-07-16 13:00:00,0.34706962655601664,213.2454771784232
2021-07-16 13:30:00,0.347394979253112,213.03697095435683
2021-07-16 14:00:00,0.34772033195020746,212.82846473029045
2021-07-16 14:30:00,0.3480456846473029,212.6199585062241
2021-07-16 15:00:00,0.34837103734439834,212.41145228215763
2021-07-16 15:30:00,0.3486963900414938,212.20294605809127
2021-07-16 16:00:00,0.3490217427385892,211.99443983402492
2021-07-16 16:30:00,0.34934709543568465,211.7859336099585
2021-07-16 17:00:00,0.3496724481327801,211.5774273858921
2021-07-16 17:30:00,0.3499978008298755,211.36892116182568
2021-07-16 18:00:00,0.35032315352697097,211.16041493775933
2021-07-16 18:30:00,0.3506485062240664,210.9519087136929
2021-07-16 19:00:00,0.35097385892116184,210.74340248962653
2021-07-16 19:30:00,0.3512992116182573,210.53489626556012
2021-07-16 20:00:00,0.3516245643153527,210.32639004149377
2021-07-16 20:30:00,0.3519499170124481,210.11788381742736
2021-07-16 21:00:00,0.3522752697095436,209.90937759336103
2021-07-16 21:30:00,0.35260062240663903,209.7008713692946
2021-07-16 22:00:00,0.3529259751037345,209.4923651452282
2021-07-16 22:30:00,0.3532513278008299,209.28385892116185
2021-07-16 23:00:00,0.3535766804979253,209.0753526970954
2021-07-16 23:30:00,0.3539020331950208,208.86684647302903
2021-07-17 00:00:00,0.3542273858921162,208.65834024896265
2021-07-17 00:30:00,0.3545527385892117,208.44983402489623
2021-07-17 01:00:00,0.3548780912863071,208.24132780082988
2021-07-17 01:30:00,0.3552034439834025,208.03282157676347
2021-07-17 02:00:00,0.355528796680498,207.8243153526971
2021-07-17 02:30:00,0.3558541493775934,207.61580912863067
2021-07-17 03:00:00,0.3561795020746888,207.40730290456432
2021-07-17 03:30:00,0.35650485477178423,207.1987966804979
2021-07-17 04:00:00,0.3568302074688797,206.99029045643158
2021-07-17 04:30:00,0.3571555601659751,206.78178423236514
2021-07-17 05:00:00,0.3574809128630705,206.5732780082988
2021-07-17 05:30:00,0.35780626556016604,206.3647717842324
2021-07-17 06:00:00,0.3581316182572614,206.15626556016602
2021-07-17 06:30:00,0.3584569709543569,205.94775933609958
2021-07-17 07:00:00,0.3587823236514523,205.7392531120332
2021-07-17 07:30:00,0.3591076763485477,205.5307468879668
2021-07-17 08:00:00,0.3594330290456432,205.3222406639004
2021-07-17 08:30:00,0.3597583817427386,205.113734439834
2021-07-17 09:00:00,0.36008373443983405,204.90522821576764
2021-07-17 09:30:00,0.3604090871369295,204.6967219917012
2021-07-17 10:00:00,0.3607344398340249,204.48821576763484
2021-07-17 10:30:00,0.3610597925311204,204.27970954356846
2021-07-17 11:00:00,0.3613851452282158,204.0712033195021
2021-07-17 11:30:00,0.3617104979253112,203.86269709543566
2021-07-17 12:00:00,0.3620358506224067,203.65419087136928
2021-07-17 12:30:00,0.3623612033195021,203.4456846473029
2021-07-17 13:00:00,0.3626865560165976,203.23717842323646
2021-07-17 13:30:00,0.3630119087136929,203.0286721991701
2021-07-17 14:00:00,0.3633372614107884,202.8201659751037
2021-07-17 14:30:00,0.3636626141078838,202.61165975103734
2021-07-17 15:00:00,0.3639879668049793,202.4031535269709
2021-07-17 15:30:00,0.3643133195020747,202.19464730290454
2021-07-17 16:00:00,0.3646386721991701,201.98614107883816
2021-07-17 16:30:00,0.3649640248962656,201.77763485477178
2021-07-17 17:00:00,0.365289377593361,201.56912863070545
2021-07-17 17:30:00,0.3656147302904565,201.36062240663898
2021-07-17 18:00:00,0.3659400829875519,201.1521161825726
2021-07-17 18:30:00,0.3662654356846473,200.94360995850624
2021-07-17 19:00:00,0.3665907883817428,200.73510373443986
2021-07-17 19:30:00,0.3669161410788382,200.52659751037342
2021-07-17 20:00:00,0.3672414937759336,200.31809128630704
2021-07-17 20:30:00,0.36756684647302906,200.10958506224063
2021-07-17 21:00:00,0.3678921991701245,199.9010788381744
2021-07-17 21:30:00,0.36821755186722,199.69257261410786
2021-07-17 22:00:00,0.3685429045643154,199.48406639004148
2021-07-17 22:30:00,0.3688682572614108,199.27556016597507
2021-07-17 23:00:00,0.3691936099585063,199.06705394190868
2021-07-17 23:30:00,0.3695189626556017,198.8585477178424
2021-07-18 00:00:00,0.3698443153526971,198.6500414937759
2021-07-18 00:30:00,0.37016966804979257,198.4415352697096
2021-07-18 01:00:00,0.37049502074688795,198.23302904564315
2021-07-18 01:30:00,0.3708203734439833,198.0245228215768
2021-07-18 02:00:00,0.3711457261410789,197.8160165975104
2021-07-18 02:30:00,0.3714710788381743,197.60751037344397
2021-07-18 03:00:00,0.37179643153526976,197.3990041493776
2021-07-18 03:30:00,0.3721217842323651,197.1904979253112
2021-07-18 04:00:00,0.3724471369294606,196.98199170124482
2021-07-18 04:30:00,0.372772489626556,196.7734854771784
2021-07-18 05:00:00,0.37309784232365145,196.56497925311203
2021-07-18 05:30:00,0.3734231950207469,196.3564730290456
2021-07-18 06:00:00,0.3737485477178423,196.14796680497932
2021-07-18 06:30:00,0.37407390041493777,195.93946058091285
2021-07-18 07:00:00,0.3743992531120332,195.73095435684647
2021-07-18 07:30:00,0.37472460580912864,195.52244813278008
2021-07-18 08:00:00,0.3750499585062241,195.31394190871367
2021-07-18 08:30:00,0.3753753112033195,195.10543568464732
2021-07-18 09:00:00,0.37570066390041496,194.8969294605809
2021-07-18 09:30:00,0.3760260165975104,194.68842323651447
2021-07-18 10:00:00,0.3763513692946058,194.47991701244808
2021-07-18 10:30:00,0.3766767219917013,194.27141078838173
2021-07-18 11:00:00,0.3770020746887967,194.0629045643153
2021-07-18 11:30:00,0.37732742738589214,193.854398340249
2021-07-18 12:00:00,0.3776527800829876,193.64589211618247
2021-07-18 12:30:00,0.37797813278008296,193.43738589211617
2021-07-18 13:00:00,0.3783034854771785,193.22887966804973
2021-07-18 13:30:00,0.3786288381742739,193.02037344398343
2021-07-18 14:00:00,0.3789541908713693,192.81186721991702
2021-07-18 14:30:00,0.3792795435684647,192.6033609958506
2021-07-18 15:00:00,0.37960489626556015,192.39485477178425
2021-07-18 15:30:00,0.3799302489626556,192.18634854771787
2021-07-18 16:00:00,0.38025560165975103,191.97784232365143
2021-07-18 16:30:00,0.3805809543568465,191.76933609958505
2021-07-18 17:00:00,0.3809063070539419,191.5608298755186
2021-07-18 17:30:00,0.3812316597510373,191.35232365145228
2021-07-18 18:00:00,0.3815570124481328,191.1438174273859
2021-07-18 18:30:00,0.3818823651452282,190.93531120331954
2021-07-18 19:00:00,0.3822077178423237,190.72680497925307
2021-07-18 19:30:00,0.3825330705394191,190.51829875518672
2021-07-18 20:00:00,0.3828584232365145,190.3097925311203
2021-07-18 20:30:00,0.38318377593361,190.10128630705398
2021-07-18 21:00:00,0.3835091286307054,189.89278008298754
2021-07-18 21:30:00,0.3838344813278009,189.68427385892122
2021-07-18 22:00:00,0.3841598340248963,189.4757676348548
2021-07-18 22:30:00,0.3844851867219917,189.26726141078842
2021-07-18 23:00:00,0.3848105394190872,189.05875518672198
2021-07-18 23:30:00,0.3851358921161826,188.8502489626556
2021-07-19 00:00:00,0.3854612448132781,188.64174273858916
2021-07-19 00:30:00,0.3857865975103735,188.43323651452286
2021-07-19 01:00:00,0.3861119502074689,188.2247302904564
2021-07-19 01:30:00,0.3864373029045644,188.01622406639004
2021-07-19 02:00:00,0.3867626556016598,187.8077178423236
2021-07-19 02:30:00,0.3870880082987552,187.59921161825724
2021-07-19 03:00:00,0.38741336099585066,187.39070539419086
2021-07-19 03:30:00,0.3877387136929461,187.18219917012448
2021-07-19 04:00:00,0.3880640663900416,186.9736929460581
2021-07-19 04:30:00,0.3883894190871369,186.76518672199168
2021-07-19 05:00:00,0.3887147717842324,186.5566804979253
2021-07-19 05:30:00,0.3890401244813278,186.34817427385886
2021-07-19 06:00:00,0.3893654771784232,186.1396680497925
2021-07-19 06:30:00,0.3896908298755187,185.9311618257261
2021-07-19 07:00:00,0.3900161825726141,185.72265560165974
2021-07-19 07:30:00,0.3903415352697096,185.51414937759338
2021-07-19 08:00:00,0.3906668879668049,185.30564315352692
2021-07-19 08:30:00,0.3909922406639004,185.09713692946056
2021-07-19 09:00:00,0.3913175933609959,184.88863070539418
2021-07-19 09:30:00,0.3916429460580913,184.68012448132785
2021-07-19 10:00:00,0.3919682987551867,184.47161825726138
2021-07-19 10:30:00,0.3922936514522822,184.263112033195
2021-07-19 11:00:00,0.3926190041493776,184.05460580912862
2021-07-19 11:30:00,0.39294435684647305,183.84609958506226
2021-07-19 12:00:00,0.3932697095435685,183.63759336099582
2021-07-19 12:30:00,0.3935950622406639,183.42908713692944
2021-07-19 13:00:00,0.39392041493775937,183.22058091286306
2021-07-19 13:30:00,0.3942457676348548,183.0120746887967
2021-07-19 14:00:00,0.3945711203319502,182.8035684647303
2021-07-19 14:30:00,0.3948964730290456,182.59506224066388
2021-07-19 15:00:00,0.39522182572614106,182.38655601659752
2021-07-19 15:30:00,0.3955471784232365,182.17804979253108
2021-07-19 16:00:00,0.3958725311203321,181.96954356846473
2021-07-19 16:30:00,0.3961978838174274,181.76103734439843
2021-07-19 17:00:00,0.3965232365145228,181.552531120332
2021-07-19 17:30:00,0.3968485892116183,181.34402489626555
2021-07-19 18:00:00,0.3971739419087137,181.13551867219917
2021-07-19 18:30:00,0.3974992946058091,180.9270124481328
2021-07-19 19:00:00,0.39782464730290457,180.7185062240664
2021-07-19 19:30:00,0.39815,180.51
2021-07-19 20:00:00,0.39815,182.04833333333332
2021-07-19 20:30:00,0.39895,182.11
2021-07-19 21:00:00,0.39935,186.86
2021-07-19 21:30:00,0.3996025,186.6736363636364
2021-07-19 22:00:00,0.399855,186.4872727272728
2021-07-19 22:30:00,0.4001075,186.30090909090907
2021-07-19 23:00:00,0.40036,186.11454545454544
2021-07-19 23:30:00,0.4006125,185.92818181818183
2021-07-20 00:00:00,0.400865,185.7418181818182
2021-07-20 00:30:00,0.4011175,185.5554545454545
2021-07-20 01:00:00,0.40137,185.3690909090909
2021-07-20 01:30:00,0.4016225,185.18272727272728
2021-07-20 02:00:00,0.401875,184.99636363636364
2021-07-20 02:30:00,0.4021275,184.81
2021-07-20 03:00:00,0.40238,184.6236363636364
2021-07-20 03:30:00,0.4026325,184.43727272727278
2021-07-20 04:00:00,0.402885,184.2509090909091
2021-07-20 04:30:00,0.4031375,184.06454545454545
2021-07-20 05:00:00,0.40339,183.87818181818184
2021-07-20 05:30:00,0.4036425,183.6918181818181
2021-07-20 06:00:00,0.403895,183.50545454545448
2021-07-20 06:30:00,0.4041475,183.31909090909093
2021-07-20 07:00:00,0.4044,183.13272727272727
2021-07-20 07:30:00,0.4046525,182.94636363636363
2021-07-20 08:00:00,0.404905,182.76
2021-07-20 08:30:00,0.4051575,182.5736363636364
2021-07-20 09:00:00,0.40541,182.38727272727274
2021-07-20 09:30:00,0.4056625,182.20090909090908
2021-07-20 10:00:00,0.405915,182.01454545454547
2021-07-20 10:30:00,0.4061675,181.82818181818183
2021-07-20 11:00:00,0.40642,181.6418181818182
2021-07-20 11:30:00,0.4066725000000001,181.45545454545456
2021-07-20 12:00:00,0.406925,181.2690909090909
2021-07-20 12:30:00,0.4071775,181.08272727272728
2021-07-20 13:00:00,0.40743,180.89636363636365
2021-07-20 13:30:00,0.4076825000000001,180.71
2021-07-20 14:00:00,0.4079350000000001,180.5236363636364
2021-07-20 14:30:00,0.4081875,180.3372727272728
2021-07-20 15:00:00,0.40844,180.15090909090907
2021-07-20 15:30:00,0.4086925,179.96454545454552
2021-07-20 16:00:00,0.4089450000000001,179.7781818181818
2021-07-20 16:30:00,0.4091975000000001,179.5918181818182
2021-07-20 17:00:00,0.40945,179.40545454545455
2021-07-20 17:30:00,0.40970249999999997,179.2190909090909
2021-07-20 18:00:00,0.4099550000000001,179.03272727272727
2021-07-20 18:30:00,0.4102075000000001,178.84636363636363
2021-07-20 19:00:00,0.4104600000000001,178.66
2021-07-20 19:30:00,0.4104600000000001,179.2175
2021-07-20 20:00:00,0.4109,185.985
2021-07-20 20:30:00,0.41112,182.7975
2021-07-20 21:00:00,0.41134,179.61
2021-07-20 21:30:00,0.41163804878048776,179.78634146341466
2021-07-20 22:00:00,0.4119360975609756,179.9626829268293
2021-07-20 22:30:00,0.4122341463414634,180.13902439024392
2021-07-20 23:00:00,0.4125321951219512,180.31536585365856
2021-07-20 23:30:00,0.4128302439024389,180.49170731707318
2021-07-21 00:00:00,0.4131282926829268,180.66804878048785
2021-07-21 00:30:00,0.4134263414634146,180.84439024390244
2021-07-21 01:00:00,0.4137243902439025,181.02073170731708
2021-07-21 01:30:00,0.41402243902439023,181.19707317073173
2021-07-21 02:00:00,0.4143204878048781,181.37341463414643
2021-07-21 02:30:00,0.41461853658536585,181.549756097561
2021-07-21 03:00:00,0.4149165853658537,181.7260975609756
2021-07-21 03:30:00,0.4152146341463415,181.90243902439025
2021-07-21 04:00:00,0.4155126829268293,182.07878048780486
2021-07-21 04:30:00,0.4158107317073171,182.25512195121948
2021-07-21 05:00:00,0.4161087804878049,182.4314634146341
2021-07-21 05:30:00,0.4164068292682927,182.60780487804882
2021-07-21 06:00:00,0.4167048780487805,182.78414634146336
2021-07-21 06:30:00,0.4170029268292683,182.96048780487808
2021-07-21 07:00:00,0.4173009756097561,183.1368292682927
2021-07-21 07:30:00,0.4175990243902439,183.31317073170726
2021-07-21 08:00:00,0.4178970731707317,183.489512195122
2021-07-21 08:30:00,0.4181951219512196,183.6658536585366
2021-07-21 09:00:00,0.4184931707317073,183.8421951219512
2021-07-21 09:30:00,0.4187912195121952,184.01853658536587
2021-07-21 10:00:00,0.41908926829268295,184.19487804878048
2021-07-21 10:30:00,0.4193873170731708,184.37121951219515
2021-07-21 11:00:00,0.41968536585365857,184.5475609756097
2021-07-21 11:30:00,0.4199834146341464,184.72390243902439
2021-07-21 12:00:00,0.4202814634146342,184.90024390243903
2021-07-21 12:30:00,0.420579512195122,185.0765853658537
2021-07-21 13:00:00,0.4208775609756098,185.2529268292683
2021-07-21 13:30:00,0.4211756097560976,185.4292682926829
2021-07-21 14:00:00,0.4214736585365854,185.6056097560976
2021-07-21 14:30:00,0.4217717073170732,185.78195121951214
2021-07-21 15:00:00,0.422069756097561,185.95829268292684
2021-07-21 15:30:00,0.4223678048780488,186.13463414634143
2021-07-21 16:00:00,0.4226658536585367,186.3109756097561
2021-07-21 16:30:00,0.4229639024390244,186.48731707317074
2021-07-21 17:00:00,0.42326195121951227,186.6636585365854
2021-07-21 17:30:00,0.4235600000000001,186.84
2021-07-21 18:00:00,0.4235600000000001,186.73
2021-07-21 18:30:00,0.4235600000000001,186.22
2021-07-21 19:00:00,0.42398,185.0
2021-07-21 19:30:00,0.4244,183.44
2021-07-21 20:00:00,0.4244,180.865
2021-07-21 20:30:00,0.4244,181.17
2021-07-21 21:00:00,0.4246198918918919,181.17070270270267
2021-07-21 21:30:00,0.4248397837837838,181.17140540540538
2021-07-21 22:00:00,0.4250596756756757,181.1721081081081
2021-07-21 22:30:00,0.4252795675675676,181.1728108108108
2021-07-21 23:00:00,0.4254994594594593,181.17351351351346
2021-07-21 23:30:00,0.42571935135135136,181.1742162162162
2021-07-22 00:00:00,0.4259392432432432,181.1749189189189
2021-07-22 00:30:00,0.4261591351351352,181.1756216216216
2021-07-22 01:00:00,0.426379027027027,181.1763243243244
2021-07-22 01:30:00,0.4265989189189189,181.177027027027
2021-07-22 02:00:00,0.4268188108108108,181.1777297297297
2021-07-22 02:30:00,0.4270387027027027,181.17843243243243
2021-07-22 03:00:00,0.4272585945945946,181.17913513513508
2021-07-22 03:30:00,0.4274784864864865,181.17983783783782
2021-07-22 04:00:00,0.4276983783783784,181.18054054054053
2021-07-22 04:30:00,0.4279182702702703,181.18124324324324
2021-07-22 05:00:00,0.42813816216216216,181.181945945946
2021-07-22 05:30:00,0.428358054054054,181.18264864864864
2021-07-22 06:00:00,0.4285779459459461,181.1833513513513
2021-07-22 06:30:00,0.4287978378378378,181.18405405405403
2021-07-22 07:00:00,0.42901772972972974,181.18475675675674
2021-07-22 07:30:00,0.4292376216216216,181.18545945945942
2021-07-22 08:00:00,0.4294575135135135,181.18616216216216
2021-07-22 08:30:00,0.4296774054054054,181.18686486486484
2021-07-22 09:00:00,0.4298972972972973,181.18756756756758
2021-07-22 09:30:00,0.4301171891891892,181.18827027027027
2021-07-22 10:00:00,0.4303370810810811,181.18897297297298
2021-07-22 10:30:00,0.43055697297297296,181.1896756756757
2021-07-22 11:00:00,0.4307768648648649,181.1903783783784
2021-07-22 11:30:00,0.4309967567567568,181.19108108108108
2021-07-22 12:00:00,0.4312166486486487,181.19178378378376
2021-07-22 12:30:00,0.4314365405405405,181.19248648648647
2021-07-22 13:00:00,0.4316564324324325,181.19318918918918
2021-07-22 13:30:00,0.4318763243243243,181.1938918918919
2021-07-22 14:00:00,0.4320962162162162,181.19459459459458
2021-07-22 14:30:00,0.4323161081081081,181.1952972972973
2021-07-22 15:00:00,0.432536,181.196
2021-07-22 15:30:00,0.4327558918918919,181.19670270270268
2021-07-22 16:00:00,0.43297578378378376,181.1974054054054
2021-07-22 16:30:00,0.4331956756756757,181.1981081081081
2021-07-22 17:00:00,0.4334155675675676,181.1988108108108
2021-07-22 17:30:00,0.43363545945945947,181.1995135135135
2021-07-22 18:00:00,0.43385535135135134,181.2002162162162
2021-07-22 18:30:00,0.4340752432432433,181.20091891891892
2021-07-22 19:00:00,0.4342951351351351,181.20162162162163
2021-07-22 19:30:00,0.4345150270270271,181.2023243243243
2021-07-22 20:00:00,0.4347349189189189,181.20302702702702
2021-07-22 20:30:00,0.4349548108108108,181.20372972972973
2021-07-22 21:00:00,0.4351747027027027,181.2044324324324
2021-07-22 21:30:00,0.4353945945945946,181.20513513513512
2021-07-22 22:00:00,0.4356144864864865,181.20583783783783
2021-07-22 22:30:00,0.4358343783783784,181.20654054054054
2021-07-22 23:00:00,0.4360542702702703,181.20724324324325
2021-07-22 23:30:00,0.4362741621621621,181.207945945946
2021-07-23 00:00:00,0.4364940540540541,181.20864864864865
2021-07-23 00:30:00,0.4367139459459459,181.20935135135136
2021-07-23 01:00:00,0.43693383783783785,181.21005405405404
2021-07-23 01:30:00,0.4371537297297297,181.21075675675675
2021-07-23 02:00:00,0.4373736216216216,181.2114594594594
2021-07-23 02:30:00,0.4375935135135135,181.21216216216214
2021-07-23 03:00:00,0.4378134054054054,181.21286486486488
2021-07-23 03:30:00,0.4380332972972973,181.2135675675676
2021-07-23 04:00:00,0.4382531891891892,181.21427027027028
2021-07-23 04:30:00,0.4384730810810811,181.214972972973
2021-07-23 05:00:00,0.438692972972973,181.2156756756757
2021-07-23 05:30:00,0.4389128648648649,181.2163783783784
2021-07-23 06:00:00,0.4391327567567568,181.2170810810811
2021-07-23 06:30:00,0.4393526486486487,181.21778378378377
2021-07-23 07:00:00,0.4395725405405405,181.21848648648648
2021-07-23 07:30:00,0.4397924324324324,181.2191891891892
2021-07-23 08:00:00,0.4400123243243243,181.21989189189185
2021-07-23 08:30:00,0.4402322162162162,181.22059459459462
2021-07-23 09:00:00,0.4404521081081081,181.22129729729733
2021-07-23 09:30:00,0.440672,181.222
2021-07-23 10:00:00,0.4408918918918919,181.22270270270263
2021-07-23 10:30:00,0.4411117837837838,181.2234054054054
2021-07-23 11:00:00,0.4413316756756757,181.2241081081081
2021-07-23 11:30:00,0.4415515675675676,181.22481081081082
2021-07-23 12:00:00,0.44177145945945945,181.22551351351345
2021-07-23 12:30:00,0.44199135135135137,181.22621621621624
2021-07-23 13:00:00,0.4422112432432432,181.22691891891893
2021-07-23 13:30:00,0.4424311351351352,181.22762162162158
2021-07-23 14:00:00,0.442651027027027,181.2283243243243
2021-07-23 14:30:00,0.4428709189189189,181.22902702702703
2021-07-23 15:00:00,0.4430908108108108,181.22972972972974
2021-07-23 15:30:00,0.4433107027027027,181.2304324324324
2021-07-23 16:00:00,0.4435305945945946,181.2311351351352
2021-07-23 16:30:00,0.4437504864864865,181.23183783783782
2021-07-23 17:00:00,0.4439703783783784,181.23254054054055
2021-07-23 17:30:00,0.4441902702702703,181.2332432432433
2021-07-23 18:00:00,0.44441016216216217,181.233945945946
2021-07-23 18:30:00,0.4446300540540541,181.23464864864863
2021-07-23 19:00:00,0.4448499459459461,181.2353513513513
2021-07-23 19:30:00,0.4450698378378378,181.236054054054
2021-07-23 20:00:00,0.44528972972972974,181.23675675675682
2021-07-23 20:30:00,0.4455096216216216,181.23745945945942
2021-07-23 21:00:00,0.4457295135135135,181.23816216216213
2021-07-23 21:30:00,0.4459494054054054,181.23886486486492
2021-07-23 22:00:00,0.4461692972972973,181.2395675675676
2021-07-23 22:30:00,0.4463891891891892,181.24027027027023
2021-07-23 23:00:00,0.4466090810810811,181.240972972973
2021-07-23 23:30:00,0.44682897297297297,181.2416756756757
2021-07-24 00:00:00,0.4470488648648648,181.24237837837842
2021-07-24 00:30:00,0.4472687567567568,181.24308108108107
2021-07-24 01:00:00,0.4474886486486486,181.24378378378373
2021-07-24 01:30:00,0.4477085405405405,181.24448648648647
2021-07-24 02:00:00,0.4479284324324324,181.24518918918918
2021-07-24 02:30:00,0.4481483243243243,181.2458918918919
2021-07-24 03:00:00,0.4483682162162162,181.24659459459463
2021-07-24 03:30:00,0.4485881081081081,181.24729729729734
2021-07-24 04:00:00,0.448808,181.248
2021-07-24 04:30:00,0.4490278918918919,181.24870270270267
2021-07-24 05:00:00,0.44924778378378377,181.24940540540538
2021-07-24 05:30:00,0.4494676756756757,181.2501081081081
2021-07-24 06:00:00,0.4496875675675676,181.2508108108108
2021-07-24 06:30:00,0.4499074594594595,181.25151351351352
2021-07-24 07:00:00,0.45012735135135135,181.25221621621623
2021-07-24 07:30:00,0.4503472432432433,181.2529189189189
2021-07-24 08:00:00,0.4505671351351351,181.2536216216216
2021-07-24 08:30:00,0.450787027027027,181.25432432432441
2021-07-24 09:00:00,0.4510069189189189,181.255027027027
2021-07-24 09:30:00,0.4512268108108108,181.2557297297297
2021-07-24 10:00:00,0.4514467027027027,181.25643243243243
2021-07-24 10:30:00,0.4516665945945946,181.25713513513514
2021-07-24 11:00:00,0.4518864864864865,181.25783783783783
2021-07-24 11:30:00,0.4521063783783784,181.25854054054054
2021-07-24 12:00:00,0.4523262702702703,181.25924324324325
2021-07-24 12:30:00,0.4525461621621622,181.25994594594601
2021-07-24 13:00:00,0.4527660540540541,181.26064864864864
2021-07-24 13:30:00,0.4529859459459459,181.2613513513513
2021-07-24 14:00:00,0.4532058378378378,181.26205405405412
2021-07-24 14:30:00,0.4534257297297297,181.26275675675686
2021-07-24 15:00:00,0.4536456216216216,181.26345945945943
2021-07-24 15:30:00,0.4538655135135135,181.26416216216217
2021-07-24 16:00:00,0.4540854054054054,181.26486486486488
2021-07-24 16:30:00,0.4543052972972973,181.2655675675676
2021-07-24 17:00:00,0.4545251891891892,181.26627027027027
2021-07-24 17:30:00,0.4547450810810811,181.26697297297298
2021-07-24 18:00:00,0.454964972972973,181.2676756756757
2021-07-24 18:30:00,0.4551848648648649,181.2683783783784
2021-07-24 19:00:00,0.4554047567567567,181.26908108108108
2021-07-24 19:30:00,0.4556246486486487,181.2697837837838
2021-07-24 20:00:00,0.4558445405405405,181.2704864864865
2021-07-24 20:30:00,0.4560644324324325,181.2711891891892
2021-07-24 21:00:00,0.4562843243243243,181.2718918918919
2021-07-24 21:30:00,0.4565042162162162,181.2725945945946
2021-07-24 22:00:00,0.4567241081081081,181.2732972972973
2021-07-24 22:30:00,0.456944,181.274
2021-07-24 23:00:00,0.4571638918918919,181.27470270270268
2021-07-24 23:30:00,0.4573837837837838,181.27540540540542
2021-07-25 00:00:00,0.4576036756756757,181.2761081081081
2021-07-25 00:30:00,0.4578235675675676,181.27681081081082
2021-07-25 01:00:00,0.4580434594594594,181.27751351351355
2021-07-25 01:30:00,0.4582633513513513,181.27821621621624
2021-07-25 02:00:00,0.4584832432432432,181.27891891891892
2021-07-25 02:30:00,0.4587031351351351,181.27962162162163
2021-07-25 03:00:00,0.45892302702702703,181.28032432432445
2021-07-25 03:30:00,0.4591429189189189,181.28102702702702
2021-07-25 04:00:00,0.4593628108108108,181.28172972972973
2021-07-25 04:30:00,0.4595827027027027,181.28243243243244
2021-07-25 05:00:00,0.4598025945945946,181.28313513513515
2021-07-25 05:30:00,0.4600224864864865,181.28383783783784
2021-07-25 06:00:00,0.4602423783783784,181.28454054054055
2021-07-25 06:30:00,0.4604622702702703,181.2852432432433
2021-07-25 07:00:00,0.4606821621621622,181.285945945946
2021-07-25 07:30:00,0.4609020540540541,181.28664864864865
2021-07-25 08:00:00,0.4611219459459459,181.28735135135136
2021-07-25 08:30:00,0.4613418378378378,181.2880540540541
2021-07-25 09:00:00,0.4615617297297298,181.28875675675675
2021-07-25 09:30:00,0.4617816216216216,181.28945945945947
2021-07-25 10:00:00,0.4620015135135135,181.29016216216218
2021-07-25 10:30:00,0.4622214054054054,181.2908648648649
2021-07-25 11:00:00,0.4624412972972973,181.2915675675676
2021-07-25 11:30:00,0.4626611891891892,181.29227027027028
2021-07-25 12:00:00,0.46288108108108095,181.292972972973
2021-07-25 12:30:00,0.463100972972973,181.2936756756757
2021-07-25 13:00:00,0.4633208648648649,181.2943783783784
2021-07-25 13:30:00,0.4635407567567568,181.2950810810811
2021-07-25 14:00:00,0.4637606486486486,181.2957837837838
2021-07-25 14:30:00,0.4639805405405406,181.2964864864865
2021-07-25 15:00:00,0.4642004324324324,181.2971891891892
2021-07-25 15:30:00,0.4644203243243243,181.2978918918919
2021-07-25 16:00:00,0.4646402162162162,181.29859459459462
2021-07-25 16:30:00,0.4648601081081081,181.29929729729733
2021-07-25 17:00:00,0.46508,181.3
2021-07-25 17:30:00,0.46508,181.3465625
2021-07-25 18:00:00,0.46508,181.393125
2021-07-25 18:30:00,0.46508,181.4396875
2021-07-25 19:00:00,0.46508,181.48625
2021-07-25 19:30:00,0.46508,181.5328125
2021-07-25 20:00:00,0.46508,181.579375
2021-07-25 20:30:00,0.46508,181.6259375
2021-07-25 21:00:00,0.46508,181.6725
2021-07-25 21:30:00,0.46508,181.7190625
2021-07-25 22:00:00,0.46508,181.765625
2021-07-25 22:30:00,0.46508,181.8121875
2021-07-25 23:00:00,0.46508,181.85875
2021-07-25 23:30:00,0.46508,181.9053125
2021-07-26 00:00:00,0.46508,181.951875
2021-07-26 00:30:00,0.46508,181.9984375
2021-07-26 01:00:00,0.46508,182.045
2021-07-26 01:30:00,0.46508,182.0915625
2021-07-26 02:00:00,0.46508,182.138125
2021-07-26 02:30:00,0.46508,182.1846875
2021-07-26 03:00:00,0.46508,182.23125
2021-07-26 03:30:00,0.46508,182.2778125
2021-07-26 04:00:00,0.46508,182.324375
2021-07-26 04:30:00,0.46508,182.37093750000003
2021-07-26 05:00:00,0.46508,182.4175
2021-07-26 05:30:00,0.46508,182.4640625
2021-07-26 06:00:00,0.46508,182.510625
2021-07-26 06:30:00,0.46508,182.5571875
2021-07-26 07:00:00,0.46508,182.60375
2021-07-26 07:30:00,0.46508,182.6503125
2021-07-26 08:00:00,0.46508,182.696875
2021-07-26 08:30:00,0.46508,182.7434375
2021-07-26 09:00:00,0.46508,182.79
2021-07-26 09:30:00,0.46508,182.8365625
2021-07-26 10:00:00,0.46508,182.883125
2021-07-26 10:30:00,0.46508,182.9296875
2021-07-26 11:00:00,0.46508,182.97625
2021-07-26 11:30:00,0.46508,183.0228125
2021-07-26 12:00:00,0.46508,183.069375
2021-07-26 12:30:00,0.46508,183.1159375
2021-07-26 13:00:00,0.46508,183.1625
2021-07-26 13:30:00,0.46508,183.2090625
2021-07-26 14:00:00,0.46508,183.255625
2021-07-26 14:30:00,0.46508,183.3021875
2021-07-26 15:00:00,0.46508,183.34875
2021-07-26 15:30:00,0.46508,183.3953125
2021-07-26 16:00:00,0.46508,183.441875
2021-07-26 16:30:00,0.46508,183.4884375
2021-07-26 17:00:00,0.46508,183.53500000000003
2021-07-26 17:30:00,0.46508,183.5815625
2021-07-26 18:00:00,0.46508,183.628125
2021-07-26 18:30:00,0.46508,183.6746875
2021-07-26 19:00:00,0.46508,183.72125
2021-07-26 19:30:00,0.46508,183.7678125
2021-07-26 20:00:00,0.46508,183.814375
2021-07-26 20:30:00,0.46508,183.8609375
2021-07-26 21:00:00,0.46508,183.9075
2021-07-26 21:30:00,0.46508,183.9540625
2021-07-26 22:00:00,0.46508,184.000625
2021-07-26 22:30:00,0.46508,184.0471875
2021-07-26 23:00:00,0.46508,184.09375
2021-07-26 23:30:00,0.46508,184.1403125
2021-07-27 00:00:00,0.46508,184.186875
2021-07-27 00:30:00,0.46508,184.2334375
2021-07-27 01:00:00,0.46508,184.28
2021-07-27 01:30:00,0.46508,184.3265625
2021-07-27 02:00:00,0.46508,184.373125
2021-07-27 02:30:00,0.46508,184.4196875
2021-07-27 03:00:00,0.46508,184.46625
2021-07-27 03:30:00,0.46508,184.5128125
2021-07-27 04:00:00,0.46508,184.559375
2021-07-27 04:30:00,0.46508,184.6059375
2021-07-27 05:00:00,0.46508,184.6525
2021-07-27 05:30:00,0.46508,184.6990625
2021-07-27 06:00:00,0.46508,184.745625
2021-07-27 06:30:00,0.46508,184.7921875
2021-07-27 07:00:00,0.46508,184.83875
2021-07-27 07:30:00,0.46508,184.8853125
2021-07-27 08:00:00,0.46508,184.931875
2021-07-27 08:30:00,0.46508,184.9784375
2021-07-27 09:00:00,0.46508,185.025
2021-07-27 09:30:00,0.46508,185.0715625
2021-07-27 10:00:00,0.46508,185.118125
2021-07-27 10:30:00,0.46508,185.1646875
2021-07-27 11:00:00,0.46508,185.21125
2021-07-27 11:30:00,0.46508,185.2578125
2021-07-27 12:00:00,0.46508,185.304375
2021-07-27 12:30:00,0.46508,185.3509375
2021-07-27 13:00:00,0.46508,185.3975
2021-07-27 13:30:00,0.46508,185.4440625
2021-07-27 14:00:00,0.46508,185.490625
2021-07-27 14:30:00,0.46508,185.5371875
2021-07-27 15:00:00,0.46508,185.58375
2021-07-27 15:30:00,0.46508,185.6303125
2021-07-27 16:00:00,0.46508,185.676875
2021-07-27 16:30:00,0.46508,185.7234375
2021-07-27 17:00:00,0.46508,185.775
2021-07-27 17:30:00,0.46508,185.74
2021-07-27 18:00:00,0.46508,185.5325
2021-07-27 18:30:00,0.46508,185.91125
2021-07-27 19:00:00,0.46508,186.29
2021-07-27 19:30:00,0.46513000000000004,188.425
2021-07-27 20:00:00,0.46518000000000004,190.56
2021-07-27 20:30:00,0.46518000000000004,189.27
2021-07-27 21:00:00,0.46518000000000004,188.79
2021-07-27 21:30:00,0.4652495238095238,188.87190476190474
2021-07-27 22:00:00,0.4653190476190476,188.95380952380955
2021-07-27 22:30:00,0.4653885714285714,189.03571428571428
2021-07-27 23:00:00,0.4654580952380953,189.11761904761903
2021-07-27 23:30:00,0.4655276190476191,189.1995238095238
2021-07-28 00:00:00,0.4655971428571429,189.28142857142856
2021-07-28 00:30:00,0.4656666666666667,189.36333333333332
2021-07-28 01:00:00,0.4657361904761905,189.44523809523807
2021-07-28 01:30:00,0.4658057142857143,189.52714285714282
2021-07-28 02:00:00,0.4658752380952381,189.60904761904757
2021-07-28 02:30:00,0.4659447619047619,189.6909523809524
2021-07-28 03:00:00,0.4660142857142857,189.77285714285716
2021-07-28 03:30:00,0.4660838095238095,189.85476190476192
2021-07-28 04:00:00,0.4661533333333333,189.93666666666667
2021-07-28 04:30:00,0.4662228571428571,190.01857142857145
2021-07-28 05:00:00,0.4662923809523809,190.10047619047612
2021-07-28 05:30:00,0.4663619047619047,190.1823809523809
2021-07-28 06:00:00,0.4664314285714286,190.2642857142857
2021-07-28 06:30:00,0.4665009523809524,190.34619047619046
2021-07-28 07:00:00,0.4665704761904762,190.42809523809524
2021-07-28 07:30:00,0.46663999999999994,190.51
2021-07-28 08:00:00,0.466734,190.83599999999998
2021-07-28 08:30:00,0.46682799999999997,191.162
2021-07-28 09:00:00,0.466922,191.488
2021-07-28 09:30:00,0.467016,191.814
2021-07-28 10:00:00,0.46711,192.14
2021-07-28 10:30:00,0.46738,191.895
2021-07-28 11:00:00,0.46738,190.82
2021-07-28 11:30:00,0.46766,191.79
2021-07-28 12:00:00,0.46766,191.48
2021-07-28 12:30:00,0.46766,190.95
2021-07-28 13:00:00,0.46766,190.325
2021-07-28 13:30:00,0.46766,190.47
2021-07-28 14:00:00,0.47033,190.58
2021-07-28 14:30:00,0.47098,189.87
2021-07-28 15:00:00,0.47098,189.39
2021-07-28 15:30:00,0.4711683333333334,189.695
2021-07-28 16:00:00,0.4713566666666667,190.0
2021-07-28 16:30:00,0.471545,190.305
2021-07-28 17:00:00,0.4717333333333333,190.61
2021-07-28 17:30:00,0.4719216666666667,190.915
2021-07-28 18:00:00,0.47211000000000003,191.275
2021-07-28 18:30:00,0.47211000000000003,191.97
2021-07-28 19:00:00,0.47211000000000003,192.2
2021-07-28 19:30:00,0.47211000000000003,191.52
2021-07-28 20:00:00,0.472305,191.655
2021-07-28 20:30:00,0.4725,191.79
2021-07-28 21:00:00,0.472790909090909,192.1504545454545
2021-07-28 21:30:00,0.4730818181818182,192.51090909090908
2021-07-28 22:00:00,0.4733727272727273,192.87136363636364
2021-07-28 22:30:00,0.4736636363636363,193.23181818181817
2021-07-28 23:00:00,0.4739545454545454,193.59227272727279
2021-07-28 23:30:00,0.4742454545454545,193.9527272727273
2021-07-29 00:00:00,0.4745363636363637,194.31318181818185
2021-07-29 00:30:00,0.4748272727272727,194.67363636363635
2021-07-29 01:00:00,0.4751181818181818,195.0340909090909
2021-07-29 01:30:00,0.4754090909090909,195.39454545454544
2021-07-29 02:00:00,0.4757,195.755
2021-07-29 02:30:00,0.4759909090909091,196.11545454545453
2021-07-29 03:00:00,0.4762818181818181,196.47590909090908
2021-07-29 03:30:00,0.4765727272727273,196.83636363636364
2021-07-29 04:00:00,0.4768636363636364,197.19681818181817
2021-07-29 04:30:00,0.4771545454545454,197.5572727272728
2021-07-29 05:00:00,0.4774454545454545,197.9177272727273
2021-07-29 05:30:00,0.4777363636363636,198.27818181818185
2021-07-29 06:00:00,0.4780272727272728,198.63863636363635
2021-07-29 06:30:00,0.4783181818181818,198.9990909090909
2021-07-29 07:00:00,0.4786090909090909,199.35954545454544
2021-07-29 07:30:00,0.4789,199.72
2021-07-29 08:00:00,0.47951499999999997,199.605
2021-07-29 08:30:00,0.47972,199.61
2021-07-29 09:00:00,0.48052,197.81
2021-07-29 09:30:00,0.48092,198.22
2021-07-29 10:00:00,0.48091999999999996,195.8
2021-07-29 10:30:00,0.48092,195.5
2021-07-29 11:00:00,0.48092,194.64
2021-07-29 11:30:00,0.48131999999999997,193.3675
2021-07-29 12:00:00,0.48172,192.095
2021-07-29 12:30:00,0.48172,192.7575
2021-07-29 13:00:00,0.48172,193.42
2021-07-29 13:30:00,0.48211000000000004,193.97
2021-07-29 14:00:00,0.48219888888888895,194.8592592592593
2021-07-29 14:30:00,0.4822877777777778,195.7485185185185
2021-07-29 15:00:00,0.4823766666666667,196.63777777777776
2021-07-29 15:30:00,0.4824655555555557,197.52703703703705
2021-07-29 16:00:00,0.4825544444444445,198.4162962962963
2021-07-29 16:30:00,0.4826433333333334,199.3055555555556
2021-07-29 17:00:00,0.4827322222222224,200.19481481481483
2021-07-29 17:30:00,0.4828211111111112,201.0840740740741
2021-07-29 18:00:00,0.4829100000000001,201.97333333333336
2021-07-29 18:30:00,0.48328999999999994,200.485
2021-07-29 19:00:00,0.4840600000000001,199.05
2021-07-29 19:30:00,0.48432666666666674,199.68
2021-07-29 20:00:00,0.4845933333333334,200.31
2021-07-29 20:30:00,0.48486,200.94
2021-07-29 21:00:00,0.48486,200.99
2021-07-29 21:30:00,0.485175,201.76058823529414
2021-07-29 22:00:00,0.48549000000000003,202.53117647058824
2021-07-29 22:30:00,0.485805,203.30176470588236
2021-07-29 23:00:00,0.48612,204.0723529411765
2021-07-29 23:30:00,0.486435,204.8429411764706
2021-07-30 00:00:00,0.48675,205.61352941176472
2021-07-30 00:30:00,0.487065,206.38411764705884
2021-07-30 01:00:00,0.48738,207.15470588235294
2021-07-30 01:30:00,0.487695,207.92529411764707
2021-07-30 02:00:00,0.48801,208.69588235294117
2021-07-30 02:30:00,0.488325,209.4664705882353
2021-07-30 03:00:00,0.48864,210.23705882352942
2021-07-30 03:30:00,0.488955,211.00764705882352
2021-07-30 04:00:00,0.48927,211.77823529411765
2021-07-30 04:30:00,0.489585,212.54882352941178
2021-07-30 05:00:00,0.4899,213.31941176470588
2021-07-30 05:30:00,0.49021499999999996,214.09
2021-07-30 06:00:00,0.49052999999999997,214.86058823529413
2021-07-30 06:30:00,0.490845,215.63117647058823
2021-07-30 07:00:00,0.49116,216.40176470588236
2021-07-30 07:30:00,0.491475,217.17235294117648
2021-07-30 08:00:00,0.49178999999999995,217.94294117647058
2021-07-30 08:30:00,0.49210499999999996,218.7135294117647
2021-07-30 09:00:00,0.49241999999999997,219.48411764705884
2021-07-30 09:30:00,0.492735,220.25470588235294
2021-07-30 10:00:00,0.49305,221.02529411764706
2021-07-30 10:30:00,0.49336499999999994,221.7958823529412
2021-07-30 11:00:00,0.49367999999999995,222.5664705882353
2021-07-30 11:30:00,0.49399499999999996,223.33705882352942
2021-07-30 12:00:00,0.49430999999999997,224.10764705882355
2021-07-30 12:30:00,0.494625,224.87823529411764
2021-07-30 13:00:00,0.49493999999999994,225.64882352941177
2021-07-30 13:30:00,0.49525499999999995,226.41941176470587
2021-07-30 14:00:00,0.49556999999999995,227.19
